world,arm,view,allowed_model_drafts,offered,Q,tokens_charged_per_offered_task
world-5538e66b7247034d2516,C,full,1,6,0.16666666666666666,1059.8333333333333
world-5538e66b7247034d2516,C,full,2,6,0.16666666666666666,2130.5
world-5538e66b7247034d2516,C,empty,1,6,0.16666666666666666,1154.6666666666667
world-5538e66b7247034d2516,C,empty,2,6,0.16666666666666666,2259.6666666666665
world-5538e66b7247034d2516,E,full,1,6,0.16666666666666666,1211.5
world-5538e66b7247034d2516,E,full,2,6,0.16666666666666666,2341.6666666666665
world-5538e66b7247034d2516,M,full,1,6,0.16666666666666666,1092.3333333333333
world-5538e66b7247034d2516,M,full,2,6,0.16666666666666666,2091.3333333333335
world-5538e66b7247034d2516,M,empty,1,6,0.16666666666666666,1175.6666666666667
world-5538e66b7247034d2516,M,empty,2,6,0.16666666666666666,2282.8333333333335
world-86f4c748ef718dc18e6e,C,full,1,6,0.16666666666666666,1030.5
world-86f4c748ef718dc18e6e,C,full,2,6,0.16666666666666666,2057.0
world-86f4c748ef718dc18e6e,C,empty,1,6,0.16666666666666666,1161.3333333333333
world-86f4c748ef718dc18e6e,C,empty,2,6,0.16666666666666666,2168.5
world-86f4c748ef718dc18e6e,E,full,1,6,0.16666666666666666,1150.0
world-86f4c748ef718dc18e6e,E,full,2,6,0.16666666666666666,2167.3333333333335
world-86f4c748ef718dc18e6e,M,full,1,6,0.16666666666666666,1033.8333333333333
world-86f4c748ef718dc18e6e,M,full,2,6,0.16666666666666666,2026.3333333333333
world-86f4c748ef718dc18e6e,M,empty,1,6,0.16666666666666666,1210.8333333333333
world-86f4c748ef718dc18e6e,M,empty,2,6,0.16666666666666666,2207.1666666666665
world-c82ce96fd0d2a2328994,C,full,1,6,0.16666666666666666,1007.3333333333334
world-c82ce96fd0d2a2328994,C,full,2,6,0.16666666666666666,2062.3333333333335
world-c82ce96fd0d2a2328994,C,empty,1,6,0.16666666666666666,1142.8333333333333
world-c82ce96fd0d2a2328994,C,empty,2,6,0.16666666666666666,2176.0
world-c82ce96fd0d2a2328994,E,full,1,6,0.0,1143.0
world-c82ce96fd0d2a2328994,E,full,2,6,0.16666666666666666,2160.5
world-c82ce96fd0d2a2328994,M,full,1,6,0.16666666666666666,1029.1666666666667
world-c82ce96fd0d2a2328994,M,full,2,6,0.16666666666666666,2051.5
world-c82ce96fd0d2a2328994,M,empty,1,6,0.16666666666666666,1135.5
world-c82ce96fd0d2a2328994,M,empty,2,6,0.16666666666666666,2181.0
