world,arm,id,phase,checkpoint,view,family,difficulty,condition,succeeded,inclusive_wall_seconds,problem_id,retrieved_dose,direct_admitted_dose,model_context_doses
world-5538e66b7247034d2516,C,challenge-unseen,challenge,6,full,sql,middle,unseen,False,96.39100000000326,task-9585be5702a7b53e3ca6f710,"{""count"": 0, ""family_contract_revision_counts"": {}, ""serialized_cognitive_bytes"": 0}",,"[{""count"": 0, ""family_contract_revision_counts"": {}, ""serialized_cognitive_bytes"": 0}]"
world-5538e66b7247034d2516,C,challenge-drift,challenge,6,full,sql,high,drift,False,132.125,task-a4ec2200a61069aa799ac4c2,"{""count"": 0, ""family_contract_revision_counts"": {}, ""serialized_cognitive_bytes"": 0}",,"[{""count"": 0, ""family_contract_revision_counts"": {}, ""serialized_cognitive_bytes"": 0}]"
world-5538e66b7247034d2516,C,challenge-negative,challenge,6,full,calibration,high,negative,False,33.65599999995902,task-b48674d008ecf1f056f5f6ad,"{""count"": 0, ""family_contract_revision_counts"": {}, ""serialized_cognitive_bytes"": 0}",,"[{""count"": 0, ""family_contract_revision_counts"": {}, ""serialized_cognitive_bytes"": 0}]"
world-5538e66b7247034d2516,C,formation-full,formation,6,full,composition,high,formation,False,102.76600000000326,task-60a127541d27302a6cd04462,"{""count"": 0, ""family_contract_revision_counts"": {}, ""serialized_cognitive_bytes"": 0}",,"[{""count"": 0, ""family_contract_revision_counts"": {}, ""serialized_cognitive_bytes"": 0}, {""count"": 0, ""family_contract_revision_counts"": {}, ""serialized_cognitive_bytes"": 0}]"
world-5538e66b7247034d2516,C,formation-empty,formation,6,empty,composition,high,formation,False,85.81300000002375,task-60a127541d27302a6cd04462,"{""count"": 0, ""family_contract_revision_counts"": {}, ""serialized_cognitive_bytes"": 0}",,"[{""count"": 0, ""family_contract_revision_counts"": {}, ""serialized_cognitive_bytes"": 0}, {""count"": 0, ""family_contract_revision_counts"": {}, ""serialized_cognitive_bytes"": 0}]"
world-5538e66b7247034d2516,C,transfer-0-empty,transfer,6,empty,sql,low,near,False,53.40600000001723,task-2f2adfdfaa110efcdfe85183,"{""count"": 0, ""family_contract_revision_counts"": {}, ""serialized_cognitive_bytes"": 0}",,"[{""count"": 0, ""family_contract_revision_counts"": {}, ""serialized_cognitive_bytes"": 0}]"
world-5538e66b7247034d2516,C,transfer-0-full,transfer,6,full,sql,low,near,False,36.21799999999348,task-2f2adfdfaa110efcdfe85183,"{""count"": 0, ""family_contract_revision_counts"": {}, ""serialized_cognitive_bytes"": 0}",,"[{""count"": 0, ""family_contract_revision_counts"": {}, ""serialized_cognitive_bytes"": 0}]"
world-5538e66b7247034d2516,C,transfer-1-full,transfer,6,full,calibration,low,near,True,3.25,task-93f2893fe0a127177167e77f,"{""count"": 1, ""family_contract_revision_counts"": {""calibration/sensor-low/1"": 1}, ""serialized_cognitive_bytes"": 995}","{""count"": 1, ""family_contract_revision_counts"": {""calibration/sensor-low/1"": 1}, ""serialized_cognitive_bytes"": 995}",[]
world-5538e66b7247034d2516,C,transfer-1-empty,transfer,6,empty,calibration,low,near,False,34.71900000004098,task-93f2893fe0a127177167e77f,"{""count"": 0, ""family_contract_revision_counts"": {}, ""serialized_cognitive_bytes"": 0}",,"[{""count"": 0, ""family_contract_revision_counts"": {}, ""serialized_cognitive_bytes"": 0}]"
world-5538e66b7247034d2516,E,challenge-unseen,challenge,6,full,sql,middle,unseen,False,86.875,task-9585be5702a7b53e3ca6f710,"{""count"": 0, ""family_contract_revision_counts"": {}, ""serialized_cognitive_bytes"": 0}",,"[{""count"": 0, ""family_contract_revision_counts"": {}, ""serialized_cognitive_bytes"": 0}]"
world-5538e66b7247034d2516,E,challenge-drift,challenge,6,full,sql,high,drift,False,90.67199999996228,task-a4ec2200a61069aa799ac4c2,"{""count"": 0, ""family_contract_revision_counts"": {}, ""serialized_cognitive_bytes"": 0}",,"[{""count"": 0, ""family_contract_revision_counts"": {}, ""serialized_cognitive_bytes"": 0}]"
world-5538e66b7247034d2516,E,challenge-negative,challenge,6,full,calibration,high,negative,False,32.76600000000326,task-b48674d008ecf1f056f5f6ad,"{""count"": 0, ""family_contract_revision_counts"": {}, ""serialized_cognitive_bytes"": 0}",,"[{""count"": 0, ""family_contract_revision_counts"": {}, ""serialized_cognitive_bytes"": 0}]"
world-5538e66b7247034d2516,E,formation-full,formation,6,full,composition,high,formation,False,90.06200000003446,task-60a127541d27302a6cd04462,"{""count"": 0, ""family_contract_revision_counts"": {}, ""serialized_cognitive_bytes"": 0}",,"[{""count"": 0, ""family_contract_revision_counts"": {}, ""serialized_cognitive_bytes"": 0}, {""count"": 0, ""family_contract_revision_counts"": {}, ""serialized_cognitive_bytes"": 0}]"
world-5538e66b7247034d2516,E,transfer-0-empty,transfer,6,empty,sql,low,near,False,36.53100000001723,task-2f2adfdfaa110efcdfe85183,"{""count"": 0, ""family_contract_revision_counts"": {}, ""serialized_cognitive_bytes"": 0}",,"[{""count"": 0, ""family_contract_revision_counts"": {}, ""serialized_cognitive_bytes"": 0}]"
world-5538e66b7247034d2516,E,transfer-0-full,transfer,6,full,sql,low,near,False,36.53100000001723,task-2f2adfdfaa110efcdfe85183,"{""count"": 0, ""family_contract_revision_counts"": {}, ""serialized_cognitive_bytes"": 0}",,"[{""count"": 0, ""family_contract_revision_counts"": {}, ""serialized_cognitive_bytes"": 0}]"
world-5538e66b7247034d2516,E,transfer-1-full,transfer,6,full,calibration,low,near,False,31.78200000000652,task-93f2893fe0a127177167e77f,"{""count"": 0, ""family_contract_revision_counts"": {}, ""serialized_cognitive_bytes"": 0}",,"[{""count"": 0, ""family_contract_revision_counts"": {}, ""serialized_cognitive_bytes"": 0}]"
world-5538e66b7247034d2516,E,transfer-1-empty,transfer,6,empty,calibration,low,near,True,34.34399999998277,task-93f2893fe0a127177167e77f,"{""count"": 0, ""family_contract_revision_counts"": {}, ""serialized_cognitive_bytes"": 0}",,"[{""count"": 0, ""family_contract_revision_counts"": {}, ""serialized_cognitive_bytes"": 0}]"
world-5538e66b7247034d2516,M,challenge-unseen,challenge,6,full,sql,middle,unseen,False,76.71900000004098,task-9585be5702a7b53e3ca6f710,"{""count"": 0, ""family_contract_revision_counts"": {}, ""serialized_cognitive_bytes"": 0}",,"[{""count"": 0, ""family_contract_revision_counts"": {}, ""serialized_cognitive_bytes"": 0}]"
world-5538e66b7247034d2516,M,challenge-drift,challenge,6,full,sql,high,drift,False,84.53100000001723,task-a4ec2200a61069aa799ac4c2,"{""count"": 0, ""family_contract_revision_counts"": {}, ""serialized_cognitive_bytes"": 0}",,"[{""count"": 0, ""family_contract_revision_counts"": {}, ""serialized_cognitive_bytes"": 0}]"
world-5538e66b7247034d2516,M,challenge-negative,challenge,6,full,calibration,high,negative,False,29.10999999998603,task-b48674d008ecf1f056f5f6ad,"{""count"": 0, ""family_contract_revision_counts"": {}, ""serialized_cognitive_bytes"": 0}",,"[{""count"": 0, ""family_contract_revision_counts"": {}, ""serialized_cognitive_bytes"": 0}]"
world-5538e66b7247034d2516,M,formation-full,formation,6,full,composition,high,formation,False,75.92200000002049,task-60a127541d27302a6cd04462,"{""count"": 0, ""family_contract_revision_counts"": {}, ""serialized_cognitive_bytes"": 0}",,"[{""count"": 0, ""family_contract_revision_counts"": {}, ""serialized_cognitive_bytes"": 0}, {""count"": 0, ""family_contract_revision_counts"": {}, ""serialized_cognitive_bytes"": 0}]"
world-5538e66b7247034d2516,M,formation-empty,formation,6,empty,composition,high,formation,False,76.01600000000326,task-60a127541d27302a6cd04462,"{""count"": 0, ""family_contract_revision_counts"": {}, ""serialized_cognitive_bytes"": 0}",,"[{""count"": 0, ""family_contract_revision_counts"": {}, ""serialized_cognitive_bytes"": 0}, {""count"": 0, ""family_contract_revision_counts"": {}, ""serialized_cognitive_bytes"": 0}]"
world-5538e66b7247034d2516,M,transfer-0-empty,transfer,6,empty,sql,low,near,False,36.09399999998277,task-2f2adfdfaa110efcdfe85183,"{""count"": 0, ""family_contract_revision_counts"": {}, ""serialized_cognitive_bytes"": 0}",,"[{""count"": 0, ""family_contract_revision_counts"": {}, ""serialized_cognitive_bytes"": 0}]"
world-5538e66b7247034d2516,M,transfer-0-full,transfer,6,full,sql,low,near,False,35.85899999999674,task-2f2adfdfaa110efcdfe85183,"{""count"": 0, ""family_contract_revision_counts"": {}, ""serialized_cognitive_bytes"": 0}",,"[{""count"": 0, ""family_contract_revision_counts"": {}, ""serialized_cognitive_bytes"": 0}]"
world-5538e66b7247034d2516,M,transfer-1-full,transfer,6,full,calibration,low,near,True,2.344000000040978,task-93f2893fe0a127177167e77f,"{""count"": 1, ""family_contract_revision_counts"": {""calibration/sensor-low/1"": 1}, ""serialized_cognitive_bytes"": 995}","{""count"": 1, ""family_contract_revision_counts"": {""calibration/sensor-low/1"": 1}, ""serialized_cognitive_bytes"": 995}",[]
world-5538e66b7247034d2516,M,transfer-1-empty,transfer,6,empty,calibration,low,near,False,30.26600000000326,task-93f2893fe0a127177167e77f,"{""count"": 0, ""family_contract_revision_counts"": {}, ""serialized_cognitive_bytes"": 0}",,"[{""count"": 0, ""family_contract_revision_counts"": {}, ""serialized_cognitive_bytes"": 0}]"
world-86f4c748ef718dc18e6e,C,challenge-unseen,challenge,6,full,sql,middle,unseen,False,61.06200000003446,task-7700e0aab3950a5d97590b52,"{""count"": 0, ""family_contract_revision_counts"": {}, ""serialized_cognitive_bytes"": 0}",,"[{""count"": 0, ""family_contract_revision_counts"": {}, ""serialized_cognitive_bytes"": 0}]"
world-86f4c748ef718dc18e6e,C,challenge-drift,challenge,6,full,sql,high,drift,False,66.92200000002049,task-c0c91737c43465ca20cc1984,"{""count"": 0, ""family_contract_revision_counts"": {}, ""serialized_cognitive_bytes"": 0}",,"[{""count"": 0, ""family_contract_revision_counts"": {}, ""serialized_cognitive_bytes"": 0}]"
world-86f4c748ef718dc18e6e,C,challenge-negative,challenge,6,full,calibration,high,negative,False,33.875,task-3ebc38f55c9923bc76146c9a,"{""count"": 0, ""family_contract_revision_counts"": {}, ""serialized_cognitive_bytes"": 0}",,"[{""count"": 0, ""family_contract_revision_counts"": {}, ""serialized_cognitive_bytes"": 0}]"
world-86f4c748ef718dc18e6e,C,formation-full,formation,6,full,composition,high,formation,False,71.46799999999348,task-9c547b15c80a3d304b850203,"{""count"": 0, ""family_contract_revision_counts"": {}, ""serialized_cognitive_bytes"": 0}",,"[{""count"": 0, ""family_contract_revision_counts"": {}, ""serialized_cognitive_bytes"": 0}, {""count"": 0, ""family_contract_revision_counts"": {}, ""serialized_cognitive_bytes"": 0}]"
world-86f4c748ef718dc18e6e,C,formation-empty,formation,6,empty,composition,high,formation,False,72.40600000001723,task-9c547b15c80a3d304b850203,"{""count"": 0, ""family_contract_revision_counts"": {}, ""serialized_cognitive_bytes"": 0}",,"[{""count"": 0, ""family_contract_revision_counts"": {}, ""serialized_cognitive_bytes"": 0}, {""count"": 0, ""family_contract_revision_counts"": {}, ""serialized_cognitive_bytes"": 0}]"
world-86f4c748ef718dc18e6e,C,transfer-0-empty,transfer,6,empty,sql,low,near,False,28.53100000001723,task-43f7a6841c2f4f86e5ac8d5b,"{""count"": 0, ""family_contract_revision_counts"": {}, ""serialized_cognitive_bytes"": 0}",,"[{""count"": 0, ""family_contract_revision_counts"": {}, ""serialized_cognitive_bytes"": 0}]"
world-86f4c748ef718dc18e6e,C,transfer-0-full,transfer,6,full,sql,low,near,False,27.31199999997625,task-43f7a6841c2f4f86e5ac8d5b,"{""count"": 0, ""family_contract_revision_counts"": {}, ""serialized_cognitive_bytes"": 0}",,"[{""count"": 0, ""family_contract_revision_counts"": {}, ""serialized_cognitive_bytes"": 0}]"
world-86f4c748ef718dc18e6e,C,transfer-1-full,transfer,6,full,calibration,low,near,True,1.7660000000032596,task-9eb5d6652c4a6cf9c18cf6f3,"{""count"": 1, ""family_contract_revision_counts"": {""calibration/sensor-low/1"": 1}, ""serialized_cognitive_bytes"": 962}","{""count"": 1, ""family_contract_revision_counts"": {""calibration/sensor-low/1"": 1}, ""serialized_cognitive_bytes"": 962}",[]
world-86f4c748ef718dc18e6e,C,transfer-1-empty,transfer,6,empty,calibration,low,near,True,31.82799999997951,task-9eb5d6652c4a6cf9c18cf6f3,"{""count"": 0, ""family_contract_revision_counts"": {}, ""serialized_cognitive_bytes"": 0}",,"[{""count"": 0, ""family_contract_revision_counts"": {}, ""serialized_cognitive_bytes"": 0}]"
world-86f4c748ef718dc18e6e,E,challenge-unseen,challenge,6,full,sql,middle,unseen,False,93.125,task-7700e0aab3950a5d97590b52,"{""count"": 0, ""family_contract_revision_counts"": {}, ""serialized_cognitive_bytes"": 0}",,"[{""count"": 0, ""family_contract_revision_counts"": {}, ""serialized_cognitive_bytes"": 0}]"
world-86f4c748ef718dc18e6e,E,challenge-drift,challenge,6,full,sql,high,drift,False,88.67199999996228,task-c0c91737c43465ca20cc1984,"{""count"": 0, ""family_contract_revision_counts"": {}, ""serialized_cognitive_bytes"": 0}",,"[{""count"": 0, ""family_contract_revision_counts"": {}, ""serialized_cognitive_bytes"": 0}]"
world-86f4c748ef718dc18e6e,E,challenge-negative,challenge,6,full,calibration,high,negative,False,33.40600000001723,task-3ebc38f55c9923bc76146c9a,"{""count"": 0, ""family_contract_revision_counts"": {}, ""serialized_cognitive_bytes"": 0}",,"[{""count"": 0, ""family_contract_revision_counts"": {}, ""serialized_cognitive_bytes"": 0}]"
world-86f4c748ef718dc18e6e,E,formation-full,formation,6,full,composition,high,formation,False,94.73399999999674,task-9c547b15c80a3d304b850203,"{""count"": 0, ""family_contract_revision_counts"": {}, ""serialized_cognitive_bytes"": 0}",,"[{""count"": 0, ""family_contract_revision_counts"": {}, ""serialized_cognitive_bytes"": 0}, {""count"": 0, ""family_contract_revision_counts"": {}, ""serialized_cognitive_bytes"": 0}]"
world-86f4c748ef718dc18e6e,E,transfer-0-empty,transfer,6,empty,sql,low,near,False,45.48399999999674,task-43f7a6841c2f4f86e5ac8d5b,"{""count"": 0, ""family_contract_revision_counts"": {}, ""serialized_cognitive_bytes"": 0}",,"[{""count"": 0, ""family_contract_revision_counts"": {}, ""serialized_cognitive_bytes"": 0}]"
world-86f4c748ef718dc18e6e,E,transfer-0-full,transfer,6,full,sql,low,near,False,32.60999999998603,task-43f7a6841c2f4f86e5ac8d5b,"{""count"": 0, ""family_contract_revision_counts"": {}, ""serialized_cognitive_bytes"": 0}",,"[{""count"": 0, ""family_contract_revision_counts"": {}, ""serialized_cognitive_bytes"": 0}]"
world-86f4c748ef718dc18e6e,E,transfer-1-full,transfer,6,full,calibration,low,near,False,45.57900000002701,task-9eb5d6652c4a6cf9c18cf6f3,"{""count"": 0, ""family_contract_revision_counts"": {}, ""serialized_cognitive_bytes"": 0}",,"[{""count"": 0, ""family_contract_revision_counts"": {}, ""serialized_cognitive_bytes"": 0}]"
world-86f4c748ef718dc18e6e,E,transfer-1-empty,transfer,6,empty,calibration,low,near,True,30.15600000001723,task-9eb5d6652c4a6cf9c18cf6f3,"{""count"": 0, ""family_contract_revision_counts"": {}, ""serialized_cognitive_bytes"": 0}",,"[{""count"": 0, ""family_contract_revision_counts"": {}, ""serialized_cognitive_bytes"": 0}]"
world-86f4c748ef718dc18e6e,M,challenge-unseen,challenge,6,full,sql,middle,unseen,False,60.25,task-7700e0aab3950a5d97590b52,"{""count"": 0, ""family_contract_revision_counts"": {}, ""serialized_cognitive_bytes"": 0}",,"[{""count"": 0, ""family_contract_revision_counts"": {}, ""serialized_cognitive_bytes"": 0}]"
world-86f4c748ef718dc18e6e,M,challenge-drift,challenge,6,full,sql,high,drift,False,65.79700000002049,task-c0c91737c43465ca20cc1984,"{""count"": 0, ""family_contract_revision_counts"": {}, ""serialized_cognitive_bytes"": 0}",,"[{""count"": 0, ""family_contract_revision_counts"": {}, ""serialized_cognitive_bytes"": 0}]"
world-86f4c748ef718dc18e6e,M,challenge-negative,challenge,6,full,calibration,high,negative,False,33.70299999997951,task-3ebc38f55c9923bc76146c9a,"{""count"": 0, ""family_contract_revision_counts"": {}, ""serialized_cognitive_bytes"": 0}",,"[{""count"": 0, ""family_contract_revision_counts"": {}, ""serialized_cognitive_bytes"": 0}]"
world-86f4c748ef718dc18e6e,M,formation-full,formation,6,full,composition,high,formation,False,70.85899999999674,task-9c547b15c80a3d304b850203,"{""count"": 0, ""family_contract_revision_counts"": {}, ""serialized_cognitive_bytes"": 0}",,"[{""count"": 0, ""family_contract_revision_counts"": {}, ""serialized_cognitive_bytes"": 0}, {""count"": 0, ""family_contract_revision_counts"": {}, ""serialized_cognitive_bytes"": 0}]"
world-86f4c748ef718dc18e6e,M,formation-empty,formation,6,empty,composition,high,formation,False,71.75,task-9c547b15c80a3d304b850203,"{""count"": 0, ""family_contract_revision_counts"": {}, ""serialized_cognitive_bytes"": 0}",,"[{""count"": 0, ""family_contract_revision_counts"": {}, ""serialized_cognitive_bytes"": 0}, {""count"": 0, ""family_contract_revision_counts"": {}, ""serialized_cognitive_bytes"": 0}]"
world-86f4c748ef718dc18e6e,M,transfer-0-empty,transfer,6,empty,sql,low,near,False,27.70299999997951,task-43f7a6841c2f4f86e5ac8d5b,"{""count"": 0, ""family_contract_revision_counts"": {}, ""serialized_cognitive_bytes"": 0}",,"[{""count"": 0, ""family_contract_revision_counts"": {}, ""serialized_cognitive_bytes"": 0}]"
world-86f4c748ef718dc18e6e,M,transfer-0-full,transfer,6,full,sql,low,near,False,27.23399999999674,task-43f7a6841c2f4f86e5ac8d5b,"{""count"": 0, ""family_contract_revision_counts"": {}, ""serialized_cognitive_bytes"": 0}",,"[{""count"": 0, ""family_contract_revision_counts"": {}, ""serialized_cognitive_bytes"": 0}]"
world-86f4c748ef718dc18e6e,M,transfer-1-full,transfer,6,full,calibration,low,near,True,1.8280000000377186,task-9eb5d6652c4a6cf9c18cf6f3,"{""count"": 1, ""family_contract_revision_counts"": {""calibration/sensor-low/1"": 1}, ""serialized_cognitive_bytes"": 962}","{""count"": 1, ""family_contract_revision_counts"": {""calibration/sensor-low/1"": 1}, ""serialized_cognitive_bytes"": 962}",[]
world-86f4c748ef718dc18e6e,M,transfer-1-empty,transfer,6,empty,calibration,low,near,False,45.23399999999674,task-9eb5d6652c4a6cf9c18cf6f3,"{""count"": 0, ""family_contract_revision_counts"": {}, ""serialized_cognitive_bytes"": 0}",,"[{""count"": 0, ""family_contract_revision_counts"": {}, ""serialized_cognitive_bytes"": 0}]"
world-c82ce96fd0d2a2328994,C,challenge-unseen,challenge,6,full,sql,middle,unseen,False,60.48399999999674,task-e7d7e6655eb3356b3132a6fb,"{""count"": 0, ""family_contract_revision_counts"": {}, ""serialized_cognitive_bytes"": 0}",,"[{""count"": 0, ""family_contract_revision_counts"": {}, ""serialized_cognitive_bytes"": 0}]"
world-c82ce96fd0d2a2328994,C,challenge-drift,challenge,6,full,sql,high,drift,False,51.17199999996228,task-ba139b3027c469f4170054dd,"{""count"": 0, ""family_contract_revision_counts"": {}, ""serialized_cognitive_bytes"": 0}",,"[{""count"": 0, ""family_contract_revision_counts"": {}, ""serialized_cognitive_bytes"": 0}]"
world-c82ce96fd0d2a2328994,C,challenge-negative,challenge,6,full,calibration,high,negative,False,33.34400000004098,task-94b075c48656368adc82ad1b,"{""count"": 0, ""family_contract_revision_counts"": {}, ""serialized_cognitive_bytes"": 0}",,"[{""count"": 0, ""family_contract_revision_counts"": {}, ""serialized_cognitive_bytes"": 0}]"
world-c82ce96fd0d2a2328994,C,formation-empty,formation,6,empty,composition,high,formation,False,82.85899999999674,task-f59f9988a393bf23b522ec72,"{""count"": 0, ""family_contract_revision_counts"": {}, ""serialized_cognitive_bytes"": 0}",,"[{""count"": 0, ""family_contract_revision_counts"": {}, ""serialized_cognitive_bytes"": 0}, {""count"": 0, ""family_contract_revision_counts"": {}, ""serialized_cognitive_bytes"": 0}]"
world-c82ce96fd0d2a2328994,C,formation-full,formation,6,full,composition,high,formation,False,81.32900000002701,task-f59f9988a393bf23b522ec72,"{""count"": 0, ""family_contract_revision_counts"": {}, ""serialized_cognitive_bytes"": 0}",,"[{""count"": 0, ""family_contract_revision_counts"": {}, ""serialized_cognitive_bytes"": 0}, {""count"": 0, ""family_contract_revision_counts"": {}, ""serialized_cognitive_bytes"": 0}]"
world-c82ce96fd0d2a2328994,C,transfer-0-empty,transfer,6,empty,sql,low,near,False,33.03100000001723,task-7a3db74ce82a81a037f4b857,"{""count"": 0, ""family_contract_revision_counts"": {}, ""serialized_cognitive_bytes"": 0}",,"[{""count"": 0, ""family_contract_revision_counts"": {}, ""serialized_cognitive_bytes"": 0}]"
world-c82ce96fd0d2a2328994,C,transfer-0-full,transfer,6,full,sql,low,near,False,32.34400000004098,task-7a3db74ce82a81a037f4b857,"{""count"": 0, ""family_contract_revision_counts"": {}, ""serialized_cognitive_bytes"": 0}",,"[{""count"": 0, ""family_contract_revision_counts"": {}, ""serialized_cognitive_bytes"": 0}]"
world-c82ce96fd0d2a2328994,C,transfer-1-empty,transfer,6,empty,calibration,low,near,True,38.15700000000652,task-ff465ff976535f6cb3c4b417,"{""count"": 0, ""family_contract_revision_counts"": {}, ""serialized_cognitive_bytes"": 0}",,"[{""count"": 0, ""family_contract_revision_counts"": {}, ""serialized_cognitive_bytes"": 0}]"
world-c82ce96fd0d2a2328994,C,transfer-1-full,transfer,6,full,calibration,low,near,True,2.1560000000172295,task-ff465ff976535f6cb3c4b417,"{""count"": 1, ""family_contract_revision_counts"": {""calibration/sensor-low/1"": 1}, ""serialized_cognitive_bytes"": 877}","{""count"": 1, ""family_contract_revision_counts"": {""calibration/sensor-low/1"": 1}, ""serialized_cognitive_bytes"": 877}",[]
world-c82ce96fd0d2a2328994,E,challenge-unseen,challenge,6,full,sql,middle,unseen,False,59.40600000001723,task-e7d7e6655eb3356b3132a6fb,"{""count"": 0, ""family_contract_revision_counts"": {}, ""serialized_cognitive_bytes"": 0}",,"[{""count"": 0, ""family_contract_revision_counts"": {}, ""serialized_cognitive_bytes"": 0}]"
world-c82ce96fd0d2a2328994,E,challenge-drift,challenge,6,full,sql,high,drift,False,50.03100000001723,task-ba139b3027c469f4170054dd,"{""count"": 0, ""family_contract_revision_counts"": {}, ""serialized_cognitive_bytes"": 0}",,"[{""count"": 0, ""family_contract_revision_counts"": {}, ""serialized_cognitive_bytes"": 0}]"
world-c82ce96fd0d2a2328994,E,challenge-negative,challenge,6,full,calibration,high,negative,False,32.59400000004098,task-94b075c48656368adc82ad1b,"{""count"": 0, ""family_contract_revision_counts"": {}, ""serialized_cognitive_bytes"": 0}",,"[{""count"": 0, ""family_contract_revision_counts"": {}, ""serialized_cognitive_bytes"": 0}]"
world-c82ce96fd0d2a2328994,E,formation-full,formation,6,full,composition,high,formation,False,81.10899999999674,task-f59f9988a393bf23b522ec72,"{""count"": 0, ""family_contract_revision_counts"": {}, ""serialized_cognitive_bytes"": 0}",,"[{""count"": 0, ""family_contract_revision_counts"": {}, ""serialized_cognitive_bytes"": 0}, {""count"": 0, ""family_contract_revision_counts"": {}, ""serialized_cognitive_bytes"": 0}]"
world-c82ce96fd0d2a2328994,E,transfer-0-empty,transfer,6,empty,sql,low,near,False,32.84399999998277,task-7a3db74ce82a81a037f4b857,"{""count"": 0, ""family_contract_revision_counts"": {}, ""serialized_cognitive_bytes"": 0}",,"[{""count"": 0, ""family_contract_revision_counts"": {}, ""serialized_cognitive_bytes"": 0}]"
world-c82ce96fd0d2a2328994,E,transfer-0-full,transfer,6,full,sql,low,near,False,31.53100000001723,task-7a3db74ce82a81a037f4b857,"{""count"": 0, ""family_contract_revision_counts"": {}, ""serialized_cognitive_bytes"": 0}",,"[{""count"": 0, ""family_contract_revision_counts"": {}, ""serialized_cognitive_bytes"": 0}]"
world-c82ce96fd0d2a2328994,E,transfer-1-empty,transfer,6,empty,calibration,low,near,True,37.0,task-ff465ff976535f6cb3c4b417,"{""count"": 0, ""family_contract_revision_counts"": {}, ""serialized_cognitive_bytes"": 0}",,"[{""count"": 0, ""family_contract_revision_counts"": {}, ""serialized_cognitive_bytes"": 0}]"
world-c82ce96fd0d2a2328994,E,transfer-1-full,transfer,6,full,calibration,low,near,False,23.28100000001723,task-ff465ff976535f6cb3c4b417,"{""count"": 0, ""family_contract_revision_counts"": {}, ""serialized_cognitive_bytes"": 0}",,"[{""count"": 0, ""family_contract_revision_counts"": {}, ""serialized_cognitive_bytes"": 0}]"
world-c82ce96fd0d2a2328994,M,challenge-unseen,challenge,6,full,sql,middle,unseen,False,77.51600000000326,task-e7d7e6655eb3356b3132a6fb,"{""count"": 0, ""family_contract_revision_counts"": {}, ""serialized_cognitive_bytes"": 0}",,"[{""count"": 0, ""family_contract_revision_counts"": {}, ""serialized_cognitive_bytes"": 0}]"
world-c82ce96fd0d2a2328994,M,challenge-drift,challenge,6,full,sql,high,drift,False,241.48399999999674,task-ba139b3027c469f4170054dd,"{""count"": 0, ""family_contract_revision_counts"": {}, ""serialized_cognitive_bytes"": 0}",,"[{""count"": 0, ""family_contract_revision_counts"": {}, ""serialized_cognitive_bytes"": 0}]"
world-c82ce96fd0d2a2328994,M,challenge-negative,challenge,6,full,calibration,high,negative,False,32.95299999997951,task-94b075c48656368adc82ad1b,"{""count"": 0, ""family_contract_revision_counts"": {}, ""serialized_cognitive_bytes"": 0}",,"[{""count"": 0, ""family_contract_revision_counts"": {}, ""serialized_cognitive_bytes"": 0}]"
world-c82ce96fd0d2a2328994,M,formation-empty,formation,6,empty,composition,high,formation,False,83.51600000000326,task-f59f9988a393bf23b522ec72,"{""count"": 0, ""family_contract_revision_counts"": {}, ""serialized_cognitive_bytes"": 0}",,"[{""count"": 0, ""family_contract_revision_counts"": {}, ""serialized_cognitive_bytes"": 0}, {""count"": 0, ""family_contract_revision_counts"": {}, ""serialized_cognitive_bytes"": 0}]"
world-c82ce96fd0d2a2328994,M,formation-full,formation,6,full,composition,high,formation,False,73.35999999998603,task-f59f9988a393bf23b522ec72,"{""count"": 0, ""family_contract_revision_counts"": {}, ""serialized_cognitive_bytes"": 0}",,"[{""count"": 0, ""family_contract_revision_counts"": {}, ""serialized_cognitive_bytes"": 0}, {""count"": 0, ""family_contract_revision_counts"": {}, ""serialized_cognitive_bytes"": 0}]"
world-c82ce96fd0d2a2328994,M,transfer-0-empty,transfer,6,empty,sql,low,near,False,41.21899999998277,task-7a3db74ce82a81a037f4b857,"{""count"": 0, ""family_contract_revision_counts"": {}, ""serialized_cognitive_bytes"": 0}",,"[{""count"": 0, ""family_contract_revision_counts"": {}, ""serialized_cognitive_bytes"": 0}]"
world-c82ce96fd0d2a2328994,M,transfer-0-full,transfer,6,full,sql,low,near,False,31.90700000000652,task-7a3db74ce82a81a037f4b857,"{""count"": 0, ""family_contract_revision_counts"": {}, ""serialized_cognitive_bytes"": 0}",,"[{""count"": 0, ""family_contract_revision_counts"": {}, ""serialized_cognitive_bytes"": 0}]"
world-c82ce96fd0d2a2328994,M,transfer-1-empty,transfer,6,empty,calibration,low,near,True,37.15599999995902,task-ff465ff976535f6cb3c4b417,"{""count"": 0, ""family_contract_revision_counts"": {}, ""serialized_cognitive_bytes"": 0}",,"[{""count"": 0, ""family_contract_revision_counts"": {}, ""serialized_cognitive_bytes"": 0}]"
world-c82ce96fd0d2a2328994,M,transfer-1-full,transfer,6,full,calibration,low,near,True,1.9219999999622814,task-ff465ff976535f6cb3c4b417,"{""count"": 1, ""family_contract_revision_counts"": {""calibration/sensor-low/1"": 1}, ""serialized_cognitive_bytes"": 944}","{""count"": 1, ""family_contract_revision_counts"": {""calibration/sensor-low/1"": 1}, ""serialized_cognitive_bytes"": 944}",[]
