world,arm,segment,model_calls,charged_tokens,measured_tokens,missing_usage_requests,application_actions,execution_invocations_reserved,checker_cases_reserved,retrieval_calls,proven_not_sent_requests,observed_serial_wall_seconds,execution_counters_are_reservations,experimental_control_overhead
world-5538e66b7247034d2516,C,initial_setup,0,0,0,0,88,4,0,0,0,16.594000000040978,True,False
world-5538e66b7247034d2516,C,anchor,28,33893,33893,0,142,125,62,30,0,1632.1049999998068,True,True
world-5538e66b7247034d2516,C,training,11,13434,13434,0,54,45,22,6,0,634.7489999999525,True,False
world-5538e66b7247034d2516,C,placebo,12,14031,14031,0,56,49,24,6,0,647.7810000000172,True,True
world-5538e66b7247034d2516,C,frontier,21,26341,26341,0,101,89,44,12,0,1308.1719999999623,True,True
world-5538e66b7247034d2516,C,challenge,3,4518,4518,0,15,12,6,3,0,262.1719999999623,True,True
world-5538e66b7247034d2516,C,formation,4,5092,5092,0,17,16,8,2,0,188.579000000027,True,False
world-5538e66b7247034d2516,C,transfer,3,2723,2723,0,16,16,8,4,0,127.59300000005169,True,False
world-5538e66b7247034d2516,C,qualification_and_other_between_offer_export_overhead,0,0,0,0,43,6,2,0,0,41.2870000001858,True,False
world-5538e66b7247034d2516,E,initial_setup,0,0,0,0,90,4,0,0,0,18.85899999999674,True,False
world-5538e66b7247034d2516,E,anchor,18,21060,21060,0,86,74,36,18,0,922.7030000000377,True,True
world-5538e66b7247034d2516,E,training,11,13438,13438,0,49,45,22,6,0,576.0169999999925,True,False
world-5538e66b7247034d2516,E,placebo,11,13790,13790,0,52,45,22,6,0,623.8289999999688,True,True
world-5538e66b7247034d2516,E,frontier,11,14050,14050,0,50,45,22,6,0,677.7179999999353,True,True
world-5538e66b7247034d2516,E,challenge,3,4452,4452,0,15,12,6,3,0,210.31299999996554,True,True
world-5538e66b7247034d2516,E,formation,2,2526,2526,0,9,8,4,1,0,90.06200000003446,True,False
world-5538e66b7247034d2516,E,transfer,4,3510,3510,0,18,17,8,4,0,139.18800000002375,True,False
world-5538e66b7247034d2516,E,qualification_and_other_between_offer_export_overhead,0,0,0,0,76,2,0,0,0,34.38900000002468,True,False
world-5538e66b7247034d2516,M,initial_setup,0,0,0,0,91,4,0,0,0,19.5,True,False
world-5538e66b7247034d2516,M,anchor,28,34066,34066,0,135,125,62,30,0,1464.327000000223,True,True
world-5538e66b7247034d2516,M,training,11,13438,13438,0,52,45,22,6,0,579.9379999999655,True,False
world-5538e66b7247034d2516,M,placebo,11,13668,13668,0,52,45,22,6,0,594.5310000000172,True,True
world-5538e66b7247034d2516,M,frontier,21,26245,26245,0,98,89,44,12,0,1148.217999999877,True,True
world-5538e66b7247034d2516,M,challenge,3,4452,4452,0,15,12,6,3,0,190.36000000004424,True,True
world-5538e66b7247034d2516,M,formation,4,5052,5052,0,17,16,8,2,0,151.93800000002375,True,False
world-5538e66b7247034d2516,M,transfer,3,2740,2740,0,15,16,8,4,0,104.56300000002375,True,False
world-5538e66b7247034d2516,M,qualification_and_other_between_offer_export_overhead,0,0,0,0,42,6,2,0,0,34.32799999980489,True,False
world-86f4c748ef718dc18e6e,C,initial_setup,0,0,0,0,86,4,0,0,0,16.35999999998603,True,False
world-86f4c748ef718dc18e6e,C,anchor,28,33850,33850,0,141,126,62,30,0,1417.0119999999297,True,True
world-86f4c748ef718dc18e6e,C,training,11,14993,14993,0,52,42,20,6,0,739.5929999999353,True,False
world-86f4c748ef718dc18e6e,C,placebo,11,12864,12864,0,52,45,22,6,0,494.4070000000647,True,True
world-86f4c748ef718dc18e6e,C,frontier,21,25353,25353,0,99,89,44,12,0,1017.7840000001015,True,True
world-86f4c748ef718dc18e6e,C,challenge,3,4219,4219,0,15,12,6,3,0,161.85900000005495,True,True
world-86f4c748ef718dc18e6e,C,formation,4,5006,5006,0,17,16,8,2,0,143.8740000000107,True,False
world-86f4c748ef718dc18e6e,C,transfer,3,2679,2679,0,18,17,8,4,0,89.43699999997625,True,False
world-86f4c748ef718dc18e6e,C,qualification_and_other_between_offer_export_overhead,0,0,0,0,41,6,2,0,0,37.11199999996461,True,False
world-86f4c748ef718dc18e6e,E,initial_setup,0,0,0,0,85,4,0,0,0,15.562999999965541,True,False
world-86f4c748ef718dc18e6e,E,anchor,18,20800,20800,0,83,74,36,18,0,857.3599999999278,True,True
world-86f4c748ef718dc18e6e,E,training,11,13256,13256,0,50,45,22,6,0,549.1399999999558,True,False
world-86f4c748ef718dc18e6e,E,placebo,11,12765,12765,0,51,45,22,6,0,527.0149999999558,True,True
world-86f4c748ef718dc18e6e,E,frontier,11,13004,13004,0,52,45,22,6,0,549.1100000000442,True,True
world-86f4c748ef718dc18e6e,E,challenge,3,4433,4433,0,15,12,6,3,0,215.2029999999795,True,True
world-86f4c748ef718dc18e6e,E,formation,2,2586,2586,0,9,8,4,1,0,94.73399999999674,True,False
world-86f4c748ef718dc18e6e,E,transfer,4,3616,3616,0,18,17,8,4,0,153.829000000027,True,False
world-86f4c748ef718dc18e6e,E,qualification_and_other_between_offer_export_overhead,0,0,0,0,35,2,0,0,0,22.827000000106636,True,False
world-86f4c748ef718dc18e6e,M,initial_setup,0,0,0,0,85,4,0,0,0,14.84399999998277,True,False
world-86f4c748ef718dc18e6e,M,anchor,28,33974,33974,0,137,126,62,30,0,1399.2189999998664,True,True
world-86f4c748ef718dc18e6e,M,training,11,14993,14993,0,51,42,20,6,0,734.1879999999073,True,False
world-86f4c748ef718dc18e6e,M,placebo,11,12824,12824,0,51,45,22,6,0,477.8749999999418,True,True
world-86f4c748ef718dc18e6e,M,frontier,21,25401,25401,0,95,89,44,12,0,1035.5959999999614,True,True
world-86f4c748ef718dc18e6e,M,challenge,3,4219,4219,0,15,12,6,3,0,159.75,True,True
world-86f4c748ef718dc18e6e,M,formation,4,5006,5006,0,17,16,8,2,0,142.60899999999674,True,False
world-86f4c748ef718dc18e6e,M,transfer,3,2751,2751,0,15,16,8,4,0,101.99900000001071,True,False
world-86f4c748ef718dc18e6e,M,qualification_and_other_between_offer_export_overhead,0,0,0,0,40,6,2,0,0,32.21700000035344,True,False
world-c82ce96fd0d2a2328994,C,initial_setup,0,0,0,0,89,4,0,0,0,16.67200000002049,True,False
world-c82ce96fd0d2a2328994,C,anchor,28,33180,33180,0,141,126,62,30,0,1327.6270000000368,True,True
world-c82ce96fd0d2a2328994,C,training,11,13207,13207,0,55,45,22,6,0,536.7789999999804,True,False
world-c82ce96fd0d2a2328994,C,placebo,11,12876,12876,0,52,45,22,6,0,499.31300000002375,True,True
world-c82ce96fd0d2a2328994,C,frontier,21,25430,25430,0,98,89,44,12,0,1069.048000000068,True,True
world-c82ce96fd0d2a2328994,C,challenge,3,4061,4061,0,14,12,6,3,0,145.0,True,True
world-c82ce96fd0d2a2328994,C,formation,4,5142,5142,0,17,16,8,2,0,164.18800000002375,True,False
world-c82ce96fd0d2a2328994,C,transfer,3,2761,2761,0,18,17,8,4,0,105.68800000008196,True,False
world-c82ce96fd0d2a2328994,C,qualification_and_other_between_offer_export_overhead,0,0,0,0,42,6,2,0,0,39.41999999975087,True,False
world-c82ce96fd0d2a2328994,E,initial_setup,0,0,0,0,85,4,0,0,0,15.952999999979511,True,False
world-c82ce96fd0d2a2328994,E,anchor,18,20935,20935,0,85,74,36,18,0,886.2619999999879,True,True
world-c82ce96fd0d2a2328994,E,training,12,14115,14115,0,55,49,24,6,0,593.9679999999935,True,False
world-c82ce96fd0d2a2328994,E,placebo,11,12918,12918,0,51,45,22,6,0,506.5769999999902,True,True
world-c82ce96fd0d2a2328994,E,frontier,11,12963,12963,0,51,45,22,6,0,532.9199999998673,True,True
world-c82ce96fd0d2a2328994,E,challenge,3,4061,4061,0,14,12,6,3,0,142.03100000007544,True,True
world-c82ce96fd0d2a2328994,E,formation,2,2571,2571,0,8,8,4,1,0,81.10899999999674,True,False
world-c82ce96fd0d2a2328994,E,transfer,4,3439,3439,0,18,17,8,4,0,124.65600000001723,True,False
world-c82ce96fd0d2a2328994,E,qualification_and_other_between_offer_export_overhead,0,0,0,0,33,2,0,0,0,23.05500000010943,True,False
world-c82ce96fd0d2a2328994,M,initial_setup,0,0,0,0,84,4,0,0,0,14.547000000020489,True,False
world-c82ce96fd0d2a2328994,M,anchor,28,33294,33294,0,137,126,62,30,0,1442.8430000000517,True,True
world-c82ce96fd0d2a2328994,M,training,12,15113,15113,0,58,49,24,6,0,742.3279999999795,True,False
world-c82ce96fd0d2a2328994,M,placebo,11,12827,12827,0,52,45,22,6,0,538.545999999973,True,True
world-c82ce96fd0d2a2328994,M,frontier,21,25395,25395,0,98,89,44,12,0,1041.624000000069,True,True
world-c82ce96fd0d2a2328994,M,challenge,3,12650,2410,1,12,9,4,3,0,351.9529999999795,True,True
world-c82ce96fd0d2a2328994,M,formation,4,4996,4996,0,17,16,8,2,0,156.8759999999893,True,False
world-c82ce96fd0d2a2328994,M,transfer,3,2751,2751,0,16,17,8,4,0,112.2039999999106,True,False
world-c82ce96fd0d2a2328994,M,qualification_and_other_between_offer_export_overhead,0,0,0,0,39,6,2,0,0,32.56300000002375,True,False
