world,arm,view,succeeded,actual_observed_wall_seconds,restricted_time_endpoint,restricted_tokens_endpoint,initial_training_tokens_charged,initial_setup_actions,initial_setup_wall_seconds,training_sharing_maintenance_actions,training_sharing_maintenance_wall_seconds,marginal_tokens_charged,marginal_application_actions,investment_inclusive_tokens_charged,investment_inclusive_restricted_tokens_endpoint,endpoint_penalty_is_not_measured_consumption,initial_investment_charged_in_both_full_and_empty_interventions
world-5538e66b7247034d2516,C,full,False,102.76600000000326,900,20480,13434,88,16.594000000040978,54,634.7489999999525,2545,9,15979,33914,True,True
world-5538e66b7247034d2516,C,empty,False,85.81300000002375,900,20480,13434,88,16.594000000040978,54,634.7489999999525,2547,8,15981,33914,True,True
world-5538e66b7247034d2516,E,full,False,90.06200000003446,900,20480,13438,90,18.85899999999674,49,576.0169999999925,2526,9,15964,33918,True,True
world-5538e66b7247034d2516,M,full,False,75.92200000002049,900,20480,13438,91,19.5,52,579.9379999999655,2526,8,15964,33918,True,True
world-5538e66b7247034d2516,M,empty,False,76.01600000000326,900,20480,13438,91,19.5,52,579.9379999999655,2526,9,15964,33918,True,True
world-86f4c748ef718dc18e6e,C,full,False,71.46799999999348,900,20480,14993,86,16.35999999998603,52,739.5929999999353,2503,8,17496,35473,True,True
world-86f4c748ef718dc18e6e,C,empty,False,72.40600000001723,900,20480,14993,86,16.35999999998603,52,739.5929999999353,2503,9,17496,35473,True,True
world-86f4c748ef718dc18e6e,E,full,False,94.73399999999674,900,20480,13256,85,15.562999999965541,50,549.1399999999558,2586,9,15842,33736,True,True
world-86f4c748ef718dc18e6e,M,full,False,70.85899999999674,900,20480,14993,85,14.84399999998277,51,734.1879999999073,2503,8,17496,35473,True,True
world-86f4c748ef718dc18e6e,M,empty,False,71.75,900,20480,14993,85,14.84399999998277,51,734.1879999999073,2503,9,17496,35473,True,True
world-c82ce96fd0d2a2328994,C,empty,False,82.85899999999674,900,20480,13207,89,16.67200000002049,55,536.7789999999804,2571,8,15778,33687,True,True
world-c82ce96fd0d2a2328994,C,full,False,81.32900000002701,900,20480,13207,89,16.67200000002049,55,536.7789999999804,2571,9,15778,33687,True,True
world-c82ce96fd0d2a2328994,E,full,False,81.10899999999674,900,20480,14115,85,15.952999999979511,55,593.9679999999935,2571,8,16686,34595,True,True
world-c82ce96fd0d2a2328994,M,empty,False,83.51600000000326,900,20480,15113,84,14.547000000020489,58,742.3279999999795,2484,8,17597,35593,True,True
world-c82ce96fd0d2a2328994,M,full,False,73.35999999998603,900,20480,15113,84,14.547000000020489,58,742.3279999999795,2512,9,17625,35593,True,True
