world,arm,checkpoint,declared_training_fraction,Q,training_tokens_charged,offered_anchor_tasks
world-5538e66b7247034d2516,C,0,0.0,0.0,0,6
world-5538e66b7247034d2516,C,3,0.5,0.16666666666666666,6322,6
world-5538e66b7247034d2516,C,6,1.0,0.16666666666666666,13434,6
world-5538e66b7247034d2516,E,0,0.0,0.0,0,6
world-5538e66b7247034d2516,E,3,0.5,0.16666666666666666,6321,6
world-5538e66b7247034d2516,E,6,1.0,0.16666666666666666,13438,6
world-5538e66b7247034d2516,M,0,0.0,0.0,0,6
world-5538e66b7247034d2516,M,3,0.5,0.16666666666666666,6321,6
world-5538e66b7247034d2516,M,6,1.0,0.16666666666666666,13438,6
world-86f4c748ef718dc18e6e,C,0,0.0,0.16666666666666666,0,6
world-86f4c748ef718dc18e6e,C,3,0.5,0.16666666666666666,6313,6
world-86f4c748ef718dc18e6e,C,6,1.0,0.16666666666666666,14993,6
world-86f4c748ef718dc18e6e,E,0,0.0,0.16666666666666666,0,6
world-86f4c748ef718dc18e6e,E,3,0.5,0.0,6218,6
world-86f4c748ef718dc18e6e,E,6,1.0,0.16666666666666666,13256,6
world-86f4c748ef718dc18e6e,M,0,0.0,0.16666666666666666,0,6
world-86f4c748ef718dc18e6e,M,3,0.5,0.16666666666666666,6313,6
world-86f4c748ef718dc18e6e,M,6,1.0,0.16666666666666666,14993,6
world-c82ce96fd0d2a2328994,C,0,0.0,0.16666666666666666,0,6
world-c82ce96fd0d2a2328994,C,3,0.5,0.16666666666666666,6156,6
world-c82ce96fd0d2a2328994,C,6,1.0,0.16666666666666666,13207,6
world-c82ce96fd0d2a2328994,E,0,0.0,0.16666666666666666,0,6
world-c82ce96fd0d2a2328994,E,3,0.5,0.16666666666666666,6892,6
world-c82ce96fd0d2a2328994,E,6,1.0,0.0,14115,6
world-c82ce96fd0d2a2328994,M,0,0.0,0.16666666666666666,0,6
world-c82ce96fd0d2a2328994,M,3,0.5,0.16666666666666666,6882,6
world-c82ce96fd0d2a2328994,M,6,1.0,0.16666666666666666,15113,6
