world,arm,problem_id,family,difficulty,full_retrieved_dose,irrelevant_retrieved_dose,retrieved_type_count_bytes_matched,full_direct_admitted_dose,irrelevant_direct_admitted_dose,full_model_context_doses,irrelevant_model_context_doses,matching_is_not_semantic_equivalence
world-5538e66b7247034d2516,C,task-14ec7157a2f7c32830234a67,sql,low,"{""count"": 0, ""family_contract_revision_counts"": {}, ""serialized_cognitive_bytes"": 0}","{""count"": 0, ""family_contract_revision_counts"": {}, ""serialized_cognitive_bytes"": 0}",False,,,"[{""count"": 0, ""family_contract_revision_counts"": {}, ""serialized_cognitive_bytes"": 0}]","[{""count"": 0, ""family_contract_revision_counts"": {}, ""serialized_cognitive_bytes"": 0}]",True
world-5538e66b7247034d2516,C,task-675e95d97dcdb6339a6012da,calibration,low,"{""count"": 1, ""family_contract_revision_counts"": {""calibration/sensor-low/1"": 1}, ""serialized_cognitive_bytes"": 1001}","{""count"": 1, ""family_contract_revision_counts"": {""calibration/sensor-low/1"": 1}, ""serialized_cognitive_bytes"": 966}",True,"{""count"": 1, ""family_contract_revision_counts"": {""calibration/sensor-low/1"": 1}, ""serialized_cognitive_bytes"": 1001}","{""count"": 1, ""family_contract_revision_counts"": {""calibration/sensor-low/1"": 1}, ""serialized_cognitive_bytes"": 966}",[],"[{""count"": 1, ""family_contract_revision_counts"": {""calibration/sensor-low/1"": 1}, ""serialized_cognitive_bytes"": 966}]",True
world-5538e66b7247034d2516,C,task-c9853658005ffbd454092552,sql,middle,"{""count"": 0, ""family_contract_revision_counts"": {}, ""serialized_cognitive_bytes"": 0}","{""count"": 0, ""family_contract_revision_counts"": {}, ""serialized_cognitive_bytes"": 0}",False,,,"[{""count"": 0, ""family_contract_revision_counts"": {}, ""serialized_cognitive_bytes"": 0}]","[{""count"": 0, ""family_contract_revision_counts"": {}, ""serialized_cognitive_bytes"": 0}]",True
world-5538e66b7247034d2516,C,task-4ecd87fb1d22524ba43e2bbd,calibration,middle,"{""count"": 0, ""family_contract_revision_counts"": {}, ""serialized_cognitive_bytes"": 0}","{""count"": 0, ""family_contract_revision_counts"": {}, ""serialized_cognitive_bytes"": 0}",False,,,"[{""count"": 0, ""family_contract_revision_counts"": {}, ""serialized_cognitive_bytes"": 0}]","[{""count"": 0, ""family_contract_revision_counts"": {}, ""serialized_cognitive_bytes"": 0}]",True
world-5538e66b7247034d2516,C,task-33c2ccaf266d18b7053d601e,sql,high,"{""count"": 0, ""family_contract_revision_counts"": {}, ""serialized_cognitive_bytes"": 0}","{""count"": 0, ""family_contract_revision_counts"": {}, ""serialized_cognitive_bytes"": 0}",False,,,"[{""count"": 0, ""family_contract_revision_counts"": {}, ""serialized_cognitive_bytes"": 0}]","[{""count"": 0, ""family_contract_revision_counts"": {}, ""serialized_cognitive_bytes"": 0}]",True
world-5538e66b7247034d2516,C,task-e0cbc573b23bf014603c3303,calibration,high,"{""count"": 0, ""family_contract_revision_counts"": {}, ""serialized_cognitive_bytes"": 0}","{""count"": 0, ""family_contract_revision_counts"": {}, ""serialized_cognitive_bytes"": 0}",False,,,"[{""count"": 0, ""family_contract_revision_counts"": {}, ""serialized_cognitive_bytes"": 0}]","[{""count"": 0, ""family_contract_revision_counts"": {}, ""serialized_cognitive_bytes"": 0}]",True
world-5538e66b7247034d2516,M,task-14ec7157a2f7c32830234a67,sql,low,"{""count"": 0, ""family_contract_revision_counts"": {}, ""serialized_cognitive_bytes"": 0}","{""count"": 0, ""family_contract_revision_counts"": {}, ""serialized_cognitive_bytes"": 0}",False,,,"[{""count"": 0, ""family_contract_revision_counts"": {}, ""serialized_cognitive_bytes"": 0}]","[{""count"": 0, ""family_contract_revision_counts"": {}, ""serialized_cognitive_bytes"": 0}]",True
world-5538e66b7247034d2516,M,task-675e95d97dcdb6339a6012da,calibration,low,"{""count"": 1, ""family_contract_revision_counts"": {""calibration/sensor-low/1"": 1}, ""serialized_cognitive_bytes"": 1001}","{""count"": 1, ""family_contract_revision_counts"": {""calibration/sensor-low/1"": 1}, ""serialized_cognitive_bytes"": 818}",True,"{""count"": 1, ""family_contract_revision_counts"": {""calibration/sensor-low/1"": 1}, ""serialized_cognitive_bytes"": 1001}","{""count"": 1, ""family_contract_revision_counts"": {""calibration/sensor-low/1"": 1}, ""serialized_cognitive_bytes"": 818}",[],"[{""count"": 1, ""family_contract_revision_counts"": {""calibration/sensor-low/1"": 1}, ""serialized_cognitive_bytes"": 818}]",True
world-5538e66b7247034d2516,M,task-c9853658005ffbd454092552,sql,middle,"{""count"": 0, ""family_contract_revision_counts"": {}, ""serialized_cognitive_bytes"": 0}","{""count"": 0, ""family_contract_revision_counts"": {}, ""serialized_cognitive_bytes"": 0}",False,,,"[{""count"": 0, ""family_contract_revision_counts"": {}, ""serialized_cognitive_bytes"": 0}]","[{""count"": 0, ""family_contract_revision_counts"": {}, ""serialized_cognitive_bytes"": 0}]",True
world-5538e66b7247034d2516,M,task-4ecd87fb1d22524ba43e2bbd,calibration,middle,"{""count"": 0, ""family_contract_revision_counts"": {}, ""serialized_cognitive_bytes"": 0}","{""count"": 0, ""family_contract_revision_counts"": {}, ""serialized_cognitive_bytes"": 0}",False,,,"[{""count"": 0, ""family_contract_revision_counts"": {}, ""serialized_cognitive_bytes"": 0}]","[{""count"": 0, ""family_contract_revision_counts"": {}, ""serialized_cognitive_bytes"": 0}]",True
world-5538e66b7247034d2516,M,task-33c2ccaf266d18b7053d601e,sql,high,"{""count"": 0, ""family_contract_revision_counts"": {}, ""serialized_cognitive_bytes"": 0}","{""count"": 0, ""family_contract_revision_counts"": {}, ""serialized_cognitive_bytes"": 0}",False,,,"[{""count"": 0, ""family_contract_revision_counts"": {}, ""serialized_cognitive_bytes"": 0}]","[{""count"": 0, ""family_contract_revision_counts"": {}, ""serialized_cognitive_bytes"": 0}]",True
world-5538e66b7247034d2516,M,task-e0cbc573b23bf014603c3303,calibration,high,"{""count"": 0, ""family_contract_revision_counts"": {}, ""serialized_cognitive_bytes"": 0}","{""count"": 0, ""family_contract_revision_counts"": {}, ""serialized_cognitive_bytes"": 0}",False,,,"[{""count"": 0, ""family_contract_revision_counts"": {}, ""serialized_cognitive_bytes"": 0}]","[{""count"": 0, ""family_contract_revision_counts"": {}, ""serialized_cognitive_bytes"": 0}]",True
world-86f4c748ef718dc18e6e,C,task-dea03d6ea976aea5036cd9a7,sql,low,"{""count"": 0, ""family_contract_revision_counts"": {}, ""serialized_cognitive_bytes"": 0}","{""count"": 0, ""family_contract_revision_counts"": {}, ""serialized_cognitive_bytes"": 0}",False,,,"[{""count"": 0, ""family_contract_revision_counts"": {}, ""serialized_cognitive_bytes"": 0}]","[{""count"": 0, ""family_contract_revision_counts"": {}, ""serialized_cognitive_bytes"": 0}]",True
world-86f4c748ef718dc18e6e,C,task-6eb9c17cfc891c46861864d8,calibration,low,"{""count"": 1, ""family_contract_revision_counts"": {""calibration/sensor-low/1"": 1}, ""serialized_cognitive_bytes"": 968}","{""count"": 1, ""family_contract_revision_counts"": {""calibration/sensor-low/1"": 1}, ""serialized_cognitive_bytes"": 1011}",True,"{""count"": 1, ""family_contract_revision_counts"": {""calibration/sensor-low/1"": 1}, ""serialized_cognitive_bytes"": 968}","{""count"": 1, ""family_contract_revision_counts"": {""calibration/sensor-low/1"": 1}, ""serialized_cognitive_bytes"": 1011}",[],"[{""count"": 1, ""family_contract_revision_counts"": {""calibration/sensor-low/1"": 1}, ""serialized_cognitive_bytes"": 1011}]",True
world-86f4c748ef718dc18e6e,C,task-7f3349ec7890401404cb223a,sql,middle,"{""count"": 0, ""family_contract_revision_counts"": {}, ""serialized_cognitive_bytes"": 0}","{""count"": 0, ""family_contract_revision_counts"": {}, ""serialized_cognitive_bytes"": 0}",False,,,"[{""count"": 0, ""family_contract_revision_counts"": {}, ""serialized_cognitive_bytes"": 0}]","[{""count"": 0, ""family_contract_revision_counts"": {}, ""serialized_cognitive_bytes"": 0}]",True
world-86f4c748ef718dc18e6e,C,task-9714f2147c6cef4acb32acbf,calibration,middle,"{""count"": 0, ""family_contract_revision_counts"": {}, ""serialized_cognitive_bytes"": 0}","{""count"": 0, ""family_contract_revision_counts"": {}, ""serialized_cognitive_bytes"": 0}",False,,,"[{""count"": 0, ""family_contract_revision_counts"": {}, ""serialized_cognitive_bytes"": 0}]","[{""count"": 0, ""family_contract_revision_counts"": {}, ""serialized_cognitive_bytes"": 0}]",True
world-86f4c748ef718dc18e6e,C,task-c139b8908a7720a4b029d93c,sql,high,"{""count"": 0, ""family_contract_revision_counts"": {}, ""serialized_cognitive_bytes"": 0}","{""count"": 0, ""family_contract_revision_counts"": {}, ""serialized_cognitive_bytes"": 0}",False,,,"[{""count"": 0, ""family_contract_revision_counts"": {}, ""serialized_cognitive_bytes"": 0}]","[{""count"": 0, ""family_contract_revision_counts"": {}, ""serialized_cognitive_bytes"": 0}]",True
world-86f4c748ef718dc18e6e,C,task-d554451f2c3deaf1f8c92988,calibration,high,"{""count"": 0, ""family_contract_revision_counts"": {}, ""serialized_cognitive_bytes"": 0}","{""count"": 0, ""family_contract_revision_counts"": {}, ""serialized_cognitive_bytes"": 0}",False,,,"[{""count"": 0, ""family_contract_revision_counts"": {}, ""serialized_cognitive_bytes"": 0}]","[{""count"": 0, ""family_contract_revision_counts"": {}, ""serialized_cognitive_bytes"": 0}]",True
world-86f4c748ef718dc18e6e,M,task-dea03d6ea976aea5036cd9a7,sql,low,"{""count"": 0, ""family_contract_revision_counts"": {}, ""serialized_cognitive_bytes"": 0}","{""count"": 0, ""family_contract_revision_counts"": {}, ""serialized_cognitive_bytes"": 0}",False,,,"[{""count"": 0, ""family_contract_revision_counts"": {}, ""serialized_cognitive_bytes"": 0}]","[{""count"": 0, ""family_contract_revision_counts"": {}, ""serialized_cognitive_bytes"": 0}]",True
world-86f4c748ef718dc18e6e,M,task-6eb9c17cfc891c46861864d8,calibration,low,"{""count"": 1, ""family_contract_revision_counts"": {""calibration/sensor-low/1"": 1}, ""serialized_cognitive_bytes"": 968}","{""count"": 1, ""family_contract_revision_counts"": {""calibration/sensor-low/1"": 1}, ""serialized_cognitive_bytes"": 1011}",True,"{""count"": 1, ""family_contract_revision_counts"": {""calibration/sensor-low/1"": 1}, ""serialized_cognitive_bytes"": 968}","{""count"": 1, ""family_contract_revision_counts"": {""calibration/sensor-low/1"": 1}, ""serialized_cognitive_bytes"": 1011}",[],"[{""count"": 1, ""family_contract_revision_counts"": {""calibration/sensor-low/1"": 1}, ""serialized_cognitive_bytes"": 1011}]",True
world-86f4c748ef718dc18e6e,M,task-7f3349ec7890401404cb223a,sql,middle,"{""count"": 0, ""family_contract_revision_counts"": {}, ""serialized_cognitive_bytes"": 0}","{""count"": 0, ""family_contract_revision_counts"": {}, ""serialized_cognitive_bytes"": 0}",False,,,"[{""count"": 0, ""family_contract_revision_counts"": {}, ""serialized_cognitive_bytes"": 0}]","[{""count"": 0, ""family_contract_revision_counts"": {}, ""serialized_cognitive_bytes"": 0}]",True
world-86f4c748ef718dc18e6e,M,task-9714f2147c6cef4acb32acbf,calibration,middle,"{""count"": 0, ""family_contract_revision_counts"": {}, ""serialized_cognitive_bytes"": 0}","{""count"": 0, ""family_contract_revision_counts"": {}, ""serialized_cognitive_bytes"": 0}",False,,,"[{""count"": 0, ""family_contract_revision_counts"": {}, ""serialized_cognitive_bytes"": 0}]","[{""count"": 0, ""family_contract_revision_counts"": {}, ""serialized_cognitive_bytes"": 0}]",True
world-86f4c748ef718dc18e6e,M,task-c139b8908a7720a4b029d93c,sql,high,"{""count"": 0, ""family_contract_revision_counts"": {}, ""serialized_cognitive_bytes"": 0}","{""count"": 0, ""family_contract_revision_counts"": {}, ""serialized_cognitive_bytes"": 0}",False,,,"[{""count"": 0, ""family_contract_revision_counts"": {}, ""serialized_cognitive_bytes"": 0}]","[{""count"": 0, ""family_contract_revision_counts"": {}, ""serialized_cognitive_bytes"": 0}]",True
world-86f4c748ef718dc18e6e,M,task-d554451f2c3deaf1f8c92988,calibration,high,"{""count"": 0, ""family_contract_revision_counts"": {}, ""serialized_cognitive_bytes"": 0}","{""count"": 0, ""family_contract_revision_counts"": {}, ""serialized_cognitive_bytes"": 0}",False,,,"[{""count"": 0, ""family_contract_revision_counts"": {}, ""serialized_cognitive_bytes"": 0}]","[{""count"": 0, ""family_contract_revision_counts"": {}, ""serialized_cognitive_bytes"": 0}]",True
world-c82ce96fd0d2a2328994,C,task-46c3549bc55fec30851b716c,sql,low,"{""count"": 0, ""family_contract_revision_counts"": {}, ""serialized_cognitive_bytes"": 0}","{""count"": 0, ""family_contract_revision_counts"": {}, ""serialized_cognitive_bytes"": 0}",False,,,"[{""count"": 0, ""family_contract_revision_counts"": {}, ""serialized_cognitive_bytes"": 0}]","[{""count"": 0, ""family_contract_revision_counts"": {}, ""serialized_cognitive_bytes"": 0}]",True
world-c82ce96fd0d2a2328994,C,task-ca7d71b7746639235b766177,calibration,low,"{""count"": 1, ""family_contract_revision_counts"": {""calibration/sensor-low/1"": 1}, ""serialized_cognitive_bytes"": 883}","{""count"": 1, ""family_contract_revision_counts"": {""calibration/sensor-low/1"": 1}, ""serialized_cognitive_bytes"": 984}",True,"{""count"": 1, ""family_contract_revision_counts"": {""calibration/sensor-low/1"": 1}, ""serialized_cognitive_bytes"": 883}","{""count"": 1, ""family_contract_revision_counts"": {""calibration/sensor-low/1"": 1}, ""serialized_cognitive_bytes"": 984}",[],"[{""count"": 1, ""family_contract_revision_counts"": {""calibration/sensor-low/1"": 1}, ""serialized_cognitive_bytes"": 984}]",True
world-c82ce96fd0d2a2328994,C,task-fbfeed0801570d3a6d8ab69f,sql,middle,"{""count"": 0, ""family_contract_revision_counts"": {}, ""serialized_cognitive_bytes"": 0}","{""count"": 0, ""family_contract_revision_counts"": {}, ""serialized_cognitive_bytes"": 0}",False,,,"[{""count"": 0, ""family_contract_revision_counts"": {}, ""serialized_cognitive_bytes"": 0}]","[{""count"": 0, ""family_contract_revision_counts"": {}, ""serialized_cognitive_bytes"": 0}]",True
world-c82ce96fd0d2a2328994,C,task-4fbd6db06611ffd78559f366,calibration,middle,"{""count"": 0, ""family_contract_revision_counts"": {}, ""serialized_cognitive_bytes"": 0}","{""count"": 0, ""family_contract_revision_counts"": {}, ""serialized_cognitive_bytes"": 0}",False,,,"[{""count"": 0, ""family_contract_revision_counts"": {}, ""serialized_cognitive_bytes"": 0}]","[{""count"": 0, ""family_contract_revision_counts"": {}, ""serialized_cognitive_bytes"": 0}]",True
world-c82ce96fd0d2a2328994,C,task-edd230fcdef4d0313e42fe8c,sql,high,"{""count"": 0, ""family_contract_revision_counts"": {}, ""serialized_cognitive_bytes"": 0}","{""count"": 0, ""family_contract_revision_counts"": {}, ""serialized_cognitive_bytes"": 0}",False,,,"[{""count"": 0, ""family_contract_revision_counts"": {}, ""serialized_cognitive_bytes"": 0}]","[{""count"": 0, ""family_contract_revision_counts"": {}, ""serialized_cognitive_bytes"": 0}]",True
world-c82ce96fd0d2a2328994,C,task-e63f3e2c8ed9fa8a05afce77,calibration,high,"{""count"": 0, ""family_contract_revision_counts"": {}, ""serialized_cognitive_bytes"": 0}","{""count"": 0, ""family_contract_revision_counts"": {}, ""serialized_cognitive_bytes"": 0}",False,,,"[{""count"": 0, ""family_contract_revision_counts"": {}, ""serialized_cognitive_bytes"": 0}]","[{""count"": 0, ""family_contract_revision_counts"": {}, ""serialized_cognitive_bytes"": 0}]",True
world-c82ce96fd0d2a2328994,M,task-46c3549bc55fec30851b716c,sql,low,"{""count"": 0, ""family_contract_revision_counts"": {}, ""serialized_cognitive_bytes"": 0}","{""count"": 0, ""family_contract_revision_counts"": {}, ""serialized_cognitive_bytes"": 0}",False,,,"[{""count"": 0, ""family_contract_revision_counts"": {}, ""serialized_cognitive_bytes"": 0}]","[{""count"": 0, ""family_contract_revision_counts"": {}, ""serialized_cognitive_bytes"": 0}]",True
world-c82ce96fd0d2a2328994,M,task-ca7d71b7746639235b766177,calibration,low,"{""count"": 1, ""family_contract_revision_counts"": {""calibration/sensor-low/1"": 1}, ""serialized_cognitive_bytes"": 950}","{""count"": 1, ""family_contract_revision_counts"": {""calibration/sensor-low/1"": 1}, ""serialized_cognitive_bytes"": 1017}",True,"{""count"": 1, ""family_contract_revision_counts"": {""calibration/sensor-low/1"": 1}, ""serialized_cognitive_bytes"": 950}","{""count"": 1, ""family_contract_revision_counts"": {""calibration/sensor-low/1"": 1}, ""serialized_cognitive_bytes"": 1017}",[],"[{""count"": 1, ""family_contract_revision_counts"": {""calibration/sensor-low/1"": 1}, ""serialized_cognitive_bytes"": 1017}]",True
world-c82ce96fd0d2a2328994,M,task-fbfeed0801570d3a6d8ab69f,sql,middle,"{""count"": 0, ""family_contract_revision_counts"": {}, ""serialized_cognitive_bytes"": 0}","{""count"": 0, ""family_contract_revision_counts"": {}, ""serialized_cognitive_bytes"": 0}",False,,,"[{""count"": 0, ""family_contract_revision_counts"": {}, ""serialized_cognitive_bytes"": 0}]","[{""count"": 0, ""family_contract_revision_counts"": {}, ""serialized_cognitive_bytes"": 0}]",True
world-c82ce96fd0d2a2328994,M,task-4fbd6db06611ffd78559f366,calibration,middle,"{""count"": 0, ""family_contract_revision_counts"": {}, ""serialized_cognitive_bytes"": 0}","{""count"": 0, ""family_contract_revision_counts"": {}, ""serialized_cognitive_bytes"": 0}",False,,,"[{""count"": 0, ""family_contract_revision_counts"": {}, ""serialized_cognitive_bytes"": 0}]","[{""count"": 0, ""family_contract_revision_counts"": {}, ""serialized_cognitive_bytes"": 0}]",True
world-c82ce96fd0d2a2328994,M,task-edd230fcdef4d0313e42fe8c,sql,high,"{""count"": 0, ""family_contract_revision_counts"": {}, ""serialized_cognitive_bytes"": 0}","{""count"": 0, ""family_contract_revision_counts"": {}, ""serialized_cognitive_bytes"": 0}",False,,,"[{""count"": 0, ""family_contract_revision_counts"": {}, ""serialized_cognitive_bytes"": 0}]","[{""count"": 0, ""family_contract_revision_counts"": {}, ""serialized_cognitive_bytes"": 0}]",True
world-c82ce96fd0d2a2328994,M,task-e63f3e2c8ed9fa8a05afce77,calibration,high,"{""count"": 0, ""family_contract_revision_counts"": {}, ""serialized_cognitive_bytes"": 0}","{""count"": 0, ""family_contract_revision_counts"": {}, ""serialized_cognitive_bytes"": 0}",False,,,"[{""count"": 0, ""family_contract_revision_counts"": {}, ""serialized_cognitive_bytes"": 0}]","[{""count"": 0, ""family_contract_revision_counts"": {}, ""serialized_cognitive_bytes"": 0}]",True
