world,arm,view,Q,offered,tokens_charged_per_offered_task,trained_state_nonempty,pool_matched,causal_placebo_judgment_requires_actual_retrieval_dose_match
world-5538e66b7247034d2516,C,full,0.16666666666666666,6,1059.8333333333333,True,True,True
world-5538e66b7247034d2516,C,empty,0.16666666666666666,6,1154.6666666666667,True,True,True
world-5538e66b7247034d2516,C,irrelevant,0.16666666666666666,6,1257.6666666666667,True,True,True
world-5538e66b7247034d2516,E,full,0.16666666666666666,6,1211.5,False,True,True
world-5538e66b7247034d2516,M,full,0.16666666666666666,6,1092.3333333333333,True,True,True
world-5538e66b7247034d2516,M,empty,0.16666666666666666,6,1175.6666666666667,True,True,True
world-5538e66b7247034d2516,M,irrelevant,0.16666666666666666,6,1247.3333333333333,True,True,True
world-86f4c748ef718dc18e6e,C,full,0.16666666666666666,6,1030.5,True,True,True
world-86f4c748ef718dc18e6e,C,empty,0.16666666666666666,6,1161.3333333333333,True,True,True
world-86f4c748ef718dc18e6e,C,irrelevant,0.16666666666666666,6,1211.1666666666667,True,True,True
world-86f4c748ef718dc18e6e,E,full,0.16666666666666666,6,1150.0,False,True,True
world-86f4c748ef718dc18e6e,M,full,0.16666666666666666,6,1033.8333333333333,True,True,True
world-86f4c748ef718dc18e6e,M,empty,0.16666666666666666,6,1210.8333333333333,True,True,True
world-86f4c748ef718dc18e6e,M,irrelevant,0.16666666666666666,6,1212.6666666666667,True,True,True
world-c82ce96fd0d2a2328994,C,full,0.16666666666666666,6,1007.3333333333334,True,True,True
world-c82ce96fd0d2a2328994,C,empty,0.16666666666666666,6,1142.8333333333333,True,True,True
world-c82ce96fd0d2a2328994,C,irrelevant,0.16666666666666666,6,1182.5,True,True,True
world-c82ce96fd0d2a2328994,E,full,0.0,6,1143.0,False,True,True
world-c82ce96fd0d2a2328994,M,full,0.16666666666666666,6,1029.1666666666667,True,True,True
world-c82ce96fd0d2a2328994,M,empty,0.16666666666666666,6,1135.5,True,True,True
world-c82ce96fd0d2a2328994,M,irrelevant,0.16666666666666666,6,1209.1666666666667,True,True,True
