run_revision,world,family,level,block,offer,succeeded,file,normal,schema,executable,stage,Q,restricted_time_seconds,restricted_charged_tokens,actual_wall_seconds,actual_measured_tokens,actual_charged_tokens,missing_usage_requests,measured_token_interval,failure_horizons_are_endpoints_not_consumption,direct_reuse,stop_reason,arm,view,study_stage
1,world-044-062ec065612e46e27cf2,sql,L1,,screen-L1-sql-sql,True,world-044-062ec065612e46e27cf2-M/offers/screen-L1-sql-sql/result.json,True,True,True,0,1,8.26600000000326,559,8.75,559,559,0,"[559, 559]",True,False,first_pass,M,empty,screen-L1-sql
1,world-044-14a235f9a4665736d708,sql,L1,,screen-L1-sql-sql,True,world-044-14a235f9a4665736d708-M/offers/screen-L1-sql-sql/result.json,True,True,True,0,1,7.546999999962281,559,7.889999999955762,559,559,0,"[559, 559]",True,False,first_pass,M,empty,screen-L1-sql
1,world-044-15292a7325f82abeca36,sql,L2,,screen-L2-sql-sql,True,world-044-15292a7325f82abeca36-M/offers/screen-L2-sql-sql/result.json,True,True,True,0,1,10.5,694,11.171999999962281,694,694,0,"[694, 694]",True,False,first_pass,M,empty,screen-L2-sql
1,world-044-2198cfa5c834128d9fa6,composition,L1,,screen-L1-composition-composition,False,world-044-2198cfa5c834128d9fa6-M/offers/screen-L1-composition-composition/result.json,True,True,True,5,0,300,4352,9.76600000000326,720,720,0,"[720, 720]",True,False,draft_budget_or_resource_cap,M,empty,screen-L1-composition
1,world-044-263e5c1b081a4aea06e8,composition,L1,,screen-L1-composition-composition,True,world-044-263e5c1b081a4aea06e8-M/offers/screen-L1-composition-composition/result.json,True,True,True,0,1,9.53100000001723,715,9.89100000000326,715,715,0,"[715, 715]",True,False,first_pass,M,empty,screen-L1-composition
1,world-044-2831505cba5cdc09cae4,composition,L1,,screen-L1-composition-composition,True,world-044-2831505cba5cdc09cae4-M/offers/screen-L1-composition-composition/result.json,True,True,True,0,1,9.98399999999674,715,10.40600000001723,715,715,0,"[715, 715]",True,False,first_pass,M,empty,screen-L1-composition
1,world-044-2ae909522ad1ec0d019b,composition,L1,,screen-L1-composition-composition,True,world-044-2ae909522ad1ec0d019b-M/offers/screen-L1-composition-composition/result.json,True,True,True,0,1,9.547000000020489,716,9.922000000020489,716,716,0,"[716, 716]",True,False,first_pass,M,empty,screen-L1-composition
1,world-044-3901df915286c6e1d367,sql,L2,,screen-L2-sql-sql,True,world-044-3901df915286c6e1d367-M/offers/screen-L2-sql-sql/result.json,True,True,True,0,1,10.26600000000326,696,10.65700000000652,696,696,0,"[696, 696]",True,False,first_pass,M,empty,screen-L2-sql
1,world-044-4882d30619142d3a16f8,sql,L1,,screen-L1-sql-sql,True,world-044-4882d30619142d3a16f8-M/offers/screen-L1-sql-sql/result.json,True,True,True,0,1,7.671999999962281,561,8.030999999959022,561,561,0,"[561, 561]",True,False,first_pass,M,empty,screen-L1-sql
1,world-044-4917aed228205febc59b,composition,L2,,screen-L2-composition-composition,True,world-044-4917aed228205febc59b-M/offers/screen-L2-composition-composition/result.json,True,True,True,0,1,11.889999999955762,873,12.264999999955762,873,873,0,"[873, 873]",True,False,first_pass,M,empty,screen-L2-composition
1,world-044-51b6ede7391caae576fc,sql,L2,,screen-L2-sql-sql,True,world-044-51b6ede7391caae576fc-M/offers/screen-L2-sql-sql/result.json,True,True,True,0,1,9.860000000044238,699,10.219000000040978,699,699,0,"[699, 699]",True,False,first_pass,M,empty,screen-L2-sql
1,world-044-550febb7e6082ebbbc08,sql,L1,,screen-L1-sql-sql,True,world-044-550febb7e6082ebbbc08-M/offers/screen-L1-sql-sql/result.json,True,True,True,0,1,7.655999999959022,562,8.046999999962281,562,562,0,"[562, 562]",True,False,first_pass,M,empty,screen-L1-sql
1,world-044-5a1bcebc79c727d46714,sql,L1,,screen-L1-sql-sql,True,world-044-5a1bcebc79c727d46714-M/offers/screen-L1-sql-sql/result.json,True,True,True,0,1,8.09399999998277,562,8.5,562,562,0,"[562, 562]",True,False,first_pass,M,empty,screen-L1-sql
1,world-044-6acda7291219201b1d61,sql,L2,,screen-L2-sql-sql,True,world-044-6acda7291219201b1d61-M/offers/screen-L2-sql-sql/result.json,True,True,True,0,1,10.047000000020489,697,10.53200000000652,697,697,0,"[697, 697]",True,False,first_pass,M,empty,screen-L2-sql
1,world-044-7851393f5716e5b8b439,sql,L2,,screen-L2-sql-sql,True,world-044-7851393f5716e5b8b439-M/offers/screen-L2-sql-sql/result.json,True,True,True,0,1,9.84399999998277,695,10.23399999999674,695,695,0,"[695, 695]",True,False,first_pass,M,empty,screen-L2-sql
1,world-044-7973ea0f45b64a0dc460,sql,L1,,screen-L1-sql-sql,True,world-044-7973ea0f45b64a0dc460-M/offers/screen-L1-sql-sql/result.json,True,True,True,0,1,8.34399999998277,562,8.702999999979511,562,562,0,"[562, 562]",True,False,first_pass,M,empty,screen-L1-sql
1,world-044-7f58d0fc082532ea1864,composition,L2,,screen-L2-composition-composition,True,world-044-7f58d0fc082532ea1864-M/offers/screen-L2-composition-composition/result.json,True,True,True,0,1,12.344000000040978,868,12.688000000023749,868,868,0,"[868, 868]",True,False,first_pass,M,empty,screen-L2-composition
1,world-044-8629e7af4ed57f414027,sql,L2,,screen-L2-sql-sql,True,world-044-8629e7af4ed57f414027-M/offers/screen-L2-sql-sql/result.json,True,True,True,0,1,10.922000000020489,698,11.34399999998277,698,698,0,"[698, 698]",True,False,first_pass,M,empty,screen-L2-sql
1,world-044-865ee36db50b55fd6b6c,composition,L2,,screen-L2-composition-composition,True,world-044-865ee36db50b55fd6b6c-M/offers/screen-L2-composition-composition/result.json,True,True,True,0,1,12.313000000023749,872,12.702999999979511,872,872,0,"[872, 872]",True,False,first_pass,M,empty,screen-L2-composition
1,world-044-87f276e0c5c4dd00a149,composition,L1,,screen-L1-composition-composition,True,world-044-87f276e0c5c4dd00a149-M/offers/screen-L1-composition-composition/result.json,True,True,True,0,1,10.0,716,10.35999999998603,716,716,0,"[716, 716]",True,False,first_pass,M,empty,screen-L1-composition
1,world-044-8ab6fc0269c82ae51040,composition,L1,,screen-L1-composition-composition,False,world-044-8ab6fc0269c82ae51040-M/offers/screen-L1-composition-composition/result.json,True,True,True,5,0,300,4352,9.422000000020489,720,720,0,"[720, 720]",True,False,draft_budget_or_resource_cap,M,empty,screen-L1-composition
1,world-044-9083fcad1c754240d2d4,sql,L2,,screen-L2-sql-sql,True,world-044-9083fcad1c754240d2d4-M/offers/screen-L2-sql-sql/result.json,True,True,True,0,1,10.15700000000652,695,10.547000000020489,695,695,0,"[695, 695]",True,False,first_pass,M,empty,screen-L2-sql
1,world-044-9a970ab107dccfc5adec,sql,L1,,screen-L1-sql-sql,True,world-044-9a970ab107dccfc5adec-M/offers/screen-L1-sql-sql/result.json,True,True,True,0,1,8.047000000020489,563,8.437000000034459,563,563,0,"[563, 563]",True,False,first_pass,M,empty,screen-L1-sql
1,world-044-9b64b80720e0e406d06e,composition,L2,,screen-L2-composition-composition,True,world-044-9b64b80720e0e406d06e-M/offers/screen-L2-composition-composition/result.json,True,True,True,0,1,12.21899999998277,870,12.64100000000326,870,870,0,"[870, 870]",True,False,first_pass,M,empty,screen-L2-composition
1,world-044-a6b692ed459c92f9054b,composition,L1,,smoke-composition,True,world-044-a6b692ed459c92f9054b-M/offers/smoke-composition/result.json,True,True,True,0,1,25.875,716,26.32799999997951,716,716,0,"[716, 716]",True,False,first_pass,M,empty,smoke
1,world-044-a6b692ed459c92f9054b,sql,L1,,smoke-sql,True,world-044-a6b692ed459c92f9054b-M/offers/smoke-sql/result.json,True,True,True,0,1,7.39100000000326,559,7.7810000000172295,559,559,0,"[559, 559]",True,False,first_pass,M,empty,smoke
1,world-044-b4a63eebc89641662cc6,composition,L2,,screen-L2-composition-composition,True,world-044-b4a63eebc89641662cc6-M/offers/screen-L2-composition-composition/result.json,True,True,True,0,1,12.422000000020489,876,12.797000000020489,876,876,0,"[876, 876]",True,False,first_pass,M,empty,screen-L2-composition
1,world-044-c72c323d380ee1d0e93b,composition,L2,,smoke-composition,True,world-044-c72c323d380ee1d0e93b-M/offers/smoke-composition/result.json,True,True,True,0,1,11.84399999998277,871,12.21899999998277,871,871,0,"[871, 871]",True,False,first_pass,M,empty,smoke
1,world-044-c72c323d380ee1d0e93b,sql,L2,,smoke-sql,True,world-044-c72c323d380ee1d0e93b-M/offers/smoke-sql/result.json,True,True,True,0,1,9.827999999979511,694,10.26600000000326,694,694,0,"[694, 694]",True,False,first_pass,M,empty,smoke
1,world-044-cb89dba52a93b6a93027,sql,L1,,screen-L1-sql-sql,True,world-044-cb89dba52a93b6a93027-M/offers/screen-L1-sql-sql/result.json,True,True,True,0,1,7.89100000000326,562,8.297000000020489,562,562,0,"[562, 562]",True,False,first_pass,M,empty,screen-L1-sql
1,world-044-d16731795b98a041f254,composition,L1,,screen-L1-composition-composition,True,world-044-d16731795b98a041f254-M/offers/screen-L1-composition-composition/result.json,True,True,True,0,1,9.953000000037719,720,10.35899999999674,720,720,0,"[720, 720]",True,False,first_pass,M,empty,screen-L1-composition
1,world-044-d64adda672336f518a1b,composition,L2,,screen-L2-composition-composition,False,world-044-d64adda672336f518a1b-M/offers/screen-L2-composition-composition/result.json,True,True,True,5,0,300,4352,12.811999999976251,875,875,0,"[875, 875]",True,False,draft_budget_or_resource_cap,M,empty,screen-L2-composition
1,world-044-d9fcb03b6fdefad79b92,composition,L2,,screen-L2-composition-composition,True,world-044-d9fcb03b6fdefad79b92-M/offers/screen-L2-composition-composition/result.json,True,True,True,0,1,12.125,872,12.53100000001723,872,872,0,"[872, 872]",True,False,first_pass,M,empty,screen-L2-composition
1,world-044-dace9835b3b313da3f3a,sql,L2,,screen-L2-sql-sql,True,world-044-dace9835b3b313da3f3a-M/offers/screen-L2-sql-sql/result.json,True,True,True,0,1,9.875,697,10.235000000044238,697,697,0,"[697, 697]",True,False,first_pass,M,empty,screen-L2-sql
1,world-044-de5501d5d1e0b82043ad,composition,L1,,screen-L1-composition-composition,True,world-044-de5501d5d1e0b82043ad-M/offers/screen-L1-composition-composition/result.json,True,True,True,0,1,10.01500000001397,720,10.40600000001723,720,720,0,"[720, 720]",True,False,first_pass,M,empty,screen-L1-composition
1,world-044-ea1f6ac356a09c8110f4,composition,L2,,screen-L2-composition-composition,True,world-044-ea1f6ac356a09c8110f4-M/offers/screen-L2-composition-composition/result.json,True,True,True,0,1,12.295999999972992,875,12.686999999976251,875,875,0,"[875, 875]",True,False,first_pass,M,empty,screen-L2-composition
3,world-044-2831505cba5cdc09cae4,composition,L1,,empty,True,G3-C-composition/world-044-2831505cba5cdc09cae4-C/offers/empty/result.json,True,True,True,0,1,3.577999999979511,715,4.202999999979511,715,715,0,"[715, 715]",True,False,first_pass,C,empty,screen-L1-composition
3,world-044-2831505cba5cdc09cae4,composition,L1,,transfer,True,G3-C-composition/world-044-2831505cba5cdc09cae4-C/offers/transfer/result.json,,,True,0,1,1.4689999999827705,0,1.937999999965541,0,0,0,"[0, 0]",True,True,first_pass,C,full,screen-L1-composition
3,world-044-cb89dba52a93b6a93027,sql,L1,,empty,True,G3-C-sql/world-044-cb89dba52a93b6a93027-C/offers/empty/result.json,True,True,True,0,1,3.547000000020489,562,4.172000000020489,562,562,0,"[562, 562]",True,False,first_pass,C,empty,screen-L1-sql
3,world-044-cb89dba52a93b6a93027,sql,L1,,transfer,True,G3-C-sql/world-044-cb89dba52a93b6a93027-C/offers/transfer/result.json,,,True,0,1,1.3589999999967404,0,1.8589999999967404,0,0,0,"[0, 0]",True,True,first_pass,C,full,screen-L1-sql
3,world-044-2831505cba5cdc09cae4,composition,L1,,empty,True,G3-M-composition/world-044-2831505cba5cdc09cae4-M/offers/empty/result.json,True,True,True,0,1,12.063000000023749,715,12.51600000000326,715,715,0,"[715, 715]",True,False,first_pass,M,empty,screen-L1-composition
3,world-044-2831505cba5cdc09cae4,composition,L1,,transfer,True,G3-M-composition/world-044-2831505cba5cdc09cae4-M/offers/transfer/result.json,,,True,0,1,1.3130000000237487,0,1.7040000000270084,0,0,0,"[0, 0]",True,True,first_pass,M,full,screen-L1-composition
3,world-044-cb89dba52a93b6a93027,sql,L1,,empty,True,G3-M-sql/world-044-cb89dba52a93b6a93027-M/offers/empty/result.json,True,True,True,0,1,14.702999999979511,562,15.047000000020489,562,562,0,"[562, 562]",True,False,first_pass,M,empty,screen-L1-sql
3,world-044-cb89dba52a93b6a93027,sql,L1,,transfer,True,G3-M-sql/world-044-cb89dba52a93b6a93027-M/offers/transfer/result.json,,,True,0,1,1.7649999999557622,0,2.1719999999622814,0,0,0,"[0, 0]",True,True,first_pass,M,full,screen-L1-sql
