world,arm,id,phase,checkpoint,view,family,difficulty,condition,succeeded,inclusive_wall_seconds,problem_id,retrieved_dose,direct_admitted_dose,model_context_doses
world-6e8766a70eeb5a077f90,E,challenge-unseen,challenge,6,full,sql,middle,unseen,False,66.39000000001397,task-061acb755e02ce280708dcce,,,
world-6e8766a70eeb5a077f90,E,challenge-drift,challenge,6,full,sql,high,drift,False,77.75,task-69c996f5cc3af2fe484efade,,,
world-6e8766a70eeb5a077f90,E,challenge-negative,challenge,6,full,calibration,high,negative,False,31.67200000002049,task-573d30a2163f0546ab2be5ae,,,
world-6e8766a70eeb5a077f90,E,formation-full,formation,6,full,composition,high,formation,False,75.34400000001187,task-33b9ad5384be19f7bd793602,,,
world-6e8766a70eeb5a077f90,E,transfer-0-full,transfer,6,full,sql,low,near,False,27.28200000000652,task-c008e649ef1aa50d384f9040,,,
world-6e8766a70eeb5a077f90,E,transfer-0-empty,transfer,6,empty,sql,low,near,False,27.32799999997951,task-c008e649ef1aa50d384f9040,,,
world-6e8766a70eeb5a077f90,E,transfer-1-full,transfer,6,full,calibration,low,near,True,44.48499999998603,task-40d76fca2894214b577e2e58,,,
world-6e8766a70eeb5a077f90,E,transfer-1-empty,transfer,6,empty,calibration,low,near,True,45.10999999998603,task-40d76fca2894214b577e2e58,,,
world-6e8766a70eeb5a077f90,M,challenge-unseen,challenge,6,full,sql,middle,unseen,False,85.90700000000652,task-061acb755e02ce280708dcce,,,
world-6e8766a70eeb5a077f90,M,challenge-drift,challenge,6,full,sql,high,drift,False,107.65599999998813,task-69c996f5cc3af2fe484efade,,,
world-6e8766a70eeb5a077f90,M,challenge-negative,challenge,6,full,calibration,high,negative,False,30.73399999999674,task-573d30a2163f0546ab2be5ae,,,
world-6e8766a70eeb5a077f90,M,formation-full,formation,6,full,composition,high,formation,False,91.4539999999979,task-33b9ad5384be19f7bd793602,,,
world-6e8766a70eeb5a077f90,M,formation-empty,formation,6,empty,composition,high,formation,False,76.51599999997416,task-33b9ad5384be19f7bd793602,,,
world-6e8766a70eeb5a077f90,M,transfer-0-full,transfer,6,full,sql,low,near,False,41.796999999991385,task-c008e649ef1aa50d384f9040,,,
world-6e8766a70eeb5a077f90,M,transfer-0-empty,transfer,6,empty,sql,low,near,False,31.34299999999348,task-c008e649ef1aa50d384f9040,,,
world-6e8766a70eeb5a077f90,M,transfer-1-full,transfer,6,full,calibration,low,near,False,27.60999999998603,task-40d76fca2894214b577e2e58,,,
world-6e8766a70eeb5a077f90,M,transfer-1-empty,transfer,6,empty,calibration,low,near,True,44.453000000008615,task-40d76fca2894214b577e2e58,,,
world-e72d6fd2bb3903cd1cf8,E,challenge-unseen,challenge,6,full,sql,middle,unseen,False,140.95300000000861,task-a34c4de9e1ab4abd9c6693ec,,,
world-e72d6fd2bb3903cd1cf8,E,challenge-drift,challenge,6,full,sql,high,drift,False,78.13999999998487,task-5334f47c5ed0a95d2d5c0d40,,,
world-e72d6fd2bb3903cd1cf8,E,challenge-negative,challenge,6,full,calibration,high,negative,False,31.54700000002049,task-fead4f516946093224ba3305,,,
world-e72d6fd2bb3903cd1cf8,E,formation-full,formation,6,full,composition,high,formation,False,84.5,task-e7d63645ab2d487216ce3f30,,,
world-e72d6fd2bb3903cd1cf8,E,transfer-0-full,transfer,6,full,sql,low,near,False,44.54700000002049,task-6a235e28b32a9d3d87774678,,,
world-e72d6fd2bb3903cd1cf8,E,transfer-0-empty,transfer,6,empty,sql,low,near,False,26.10899999999674,task-6a235e28b32a9d3d87774678,,,
world-e72d6fd2bb3903cd1cf8,E,transfer-1-full,transfer,6,full,calibration,low,near,False,28.530999999988126,task-a8063a1136da1c7ab210481c,,,
world-e72d6fd2bb3903cd1cf8,E,transfer-1-empty,transfer,6,empty,calibration,low,near,True,30.594000000011874,task-a8063a1136da1c7ab210481c,,,
world-e72d6fd2bb3903cd1cf8,M,challenge-unseen,challenge,6,full,sql,middle,unseen,False,66.14000000001397,task-a34c4de9e1ab4abd9c6693ec,,,
world-e72d6fd2bb3903cd1cf8,M,challenge-drift,challenge,6,full,sql,high,drift,False,86.18799999999464,task-5334f47c5ed0a95d2d5c0d40,,,
world-e72d6fd2bb3903cd1cf8,M,challenge-negative,challenge,6,full,calibration,high,negative,False,31.59299999999348,task-fead4f516946093224ba3305,,,
world-e72d6fd2bb3903cd1cf8,M,formation-full,formation,6,full,composition,high,formation,False,78.78099999998813,task-e7d63645ab2d487216ce3f30,,,
world-e72d6fd2bb3903cd1cf8,M,formation-empty,formation,6,empty,composition,high,formation,False,78.85899999999674,task-e7d63645ab2d487216ce3f30,,,
world-e72d6fd2bb3903cd1cf8,M,transfer-0-full,transfer,6,full,sql,low,near,False,35.76600000000326,task-6a235e28b32a9d3d87774678,,,
world-e72d6fd2bb3903cd1cf8,M,transfer-0-empty,transfer,6,empty,sql,low,near,False,32.264999999984866,task-6a235e28b32a9d3d87774678,,,
world-e72d6fd2bb3903cd1cf8,M,transfer-1-full,transfer,6,full,calibration,low,near,False,28.125,task-a8063a1136da1c7ab210481c,,,
world-e72d6fd2bb3903cd1cf8,M,transfer-1-empty,transfer,6,empty,calibration,low,near,True,30.703000000008615,task-a8063a1136da1c7ab210481c,,,
