block,arm,passed,tasks,fraction,attempts,dispatched_inference_requests,missing_usage,token_budget_charge,input_tokens,generated_tokens,wall_seconds,inclusive_with_cleanup_seconds,first_valid_heldout_seconds,false_accepts,unknown_tasks,failure,stop,qualified_ordinary_execution_receipts,remote_uncertain_invocations,formation_receipts,invalid_model_drafts,max_offered_opportunities_per_allocation,max_observed_verification_candidates_per_allocation,allocation_deferrals,uncertain_a2a_execution_receipts,receipt_cost_totals,unavailable_receipt_cost_observations,receipt_duration_scope
0,static,6,6,1.0,3,3,0,966,902,64,38.55987269998877,41.15473499998916,33.947657,0,0,,goals_satisfied,29,0,3,0,1,1,0,0,"{'formation:model_tokens:measured': '966', 'formation:wall_seconds:measured': '7.7636696', 'overhead:wall_seconds:measured': '8.2263206', 'transfer:wall_seconds:measured': '6.6326190', 'use:wall_seconds:measured': '33.6329608', 'verification:wall_seconds:measured': '9.9921652'}","{'formation:USD:unavailable': 3, 'overhead:USD:unavailable': 27, 'transfer:USD:unavailable': 6, 'use:USD:unavailable': 29, 'verification:USD:unavailable': 15}",nested signed duration observations; never total wall time
0,adaptive,6,6,1.0,3,3,0,981,902,79,60.53995629999554,63.32027900000685,54.65317,0,0,,goals_satisfied,29,0,3,0,3,1,0,0,"{'formation:model_tokens:measured': '981', 'formation:wall_seconds:measured': '23.4356886', 'overhead:wall_seconds:measured': '25.4663071', 'transfer:wall_seconds:measured': '22.1566200', 'use:wall_seconds:measured': '35.8039682', 'verification:wall_seconds:measured': '10.3344019'}","{'formation:USD:unavailable': 3, 'overhead:USD:unavailable': 39, 'transfer:USD:unavailable': 6, 'use:USD:unavailable': 29, 'verification:USD:unavailable': 15}",nested signed duration observations; never total wall time
1,static,6,6,1.0,3,3,0,997,916,81,55.1146851000085,57.90096379999886,50.102882,0,0,,goals_satisfied,29,0,3,0,1,1,0,0,"{'formation:model_tokens:measured': '997', 'formation:wall_seconds:measured': '20.0121025', 'overhead:wall_seconds:measured': '20.7776405', 'transfer:wall_seconds:measured': '19.0329240', 'use:wall_seconds:measured': '37.6403726', 'verification:wall_seconds:measured': '10.7478335'}","{'formation:USD:unavailable': 3, 'overhead:USD:unavailable': 27, 'transfer:USD:unavailable': 6, 'use:USD:unavailable': 29, 'verification:USD:unavailable': 15}",nested signed duration observations; never total wall time
1,adaptive,6,6,1.0,3,3,0,997,916,81,45.87884089999716,48.56350020001992,41.275334,0,0,,goals_satisfied,29,0,3,0,3,1,0,0,"{'formation:model_tokens:measured': '997', 'formation:wall_seconds:measured': '9.6585533', 'overhead:wall_seconds:measured': '11.5090476', 'transfer:wall_seconds:measured': '8.3566748', 'use:wall_seconds:measured': '36.5299392', 'verification:wall_seconds:measured': '10.4802181'}","{'formation:USD:unavailable': 3, 'overhead:USD:unavailable': 39, 'transfer:USD:unavailable': 6, 'use:USD:unavailable': 29, 'verification:USD:unavailable': 15}",nested signed duration observations; never total wall time
2,static,6,6,1.0,3,3,0,921,841,80,54.89751470001647,57.5874019000039,49.139887,0,0,,goals_satisfied,29,0,3,0,1,1,0,0,"{'formation:model_tokens:measured': '921', 'formation:wall_seconds:measured': '18.7356880', 'overhead:wall_seconds:measured': '19.3945078', 'transfer:wall_seconds:measured': '17.7558049', 'use:wall_seconds:measured': '36.6532085', 'verification:wall_seconds:measured': '10.7017224'}","{'formation:USD:unavailable': 3, 'overhead:USD:unavailable': 27, 'transfer:USD:unavailable': 6, 'use:USD:unavailable': 29, 'verification:USD:unavailable': 15}",nested signed duration observations; never total wall time
2,adaptive,6,6,1.0,3,3,0,921,841,80,43.6041865000152,46.53231280000182,38.906032,0,0,,goals_satisfied,29,0,3,0,3,1,0,0,"{'formation:model_tokens:measured': '921', 'formation:wall_seconds:measured': '9.0666376', 'overhead:wall_seconds:measured': '10.8511608', 'transfer:wall_seconds:measured': '7.6946597', 'use:wall_seconds:measured': '32.8390956', 'verification:wall_seconds:measured': '9.6551597'}","{'formation:USD:unavailable': 3, 'overhead:USD:unavailable': 39, 'transfer:USD:unavailable': 6, 'use:USD:unavailable': 29, 'verification:USD:unavailable': 15}",nested signed duration observations; never total wall time
3,static,6,6,1.0,3,3,0,988,915,73,55.71940629999153,58.32909179999842,49.818931,0,0,,goals_satisfied,29,0,3,0,1,1,0,0,"{'formation:model_tokens:measured': '988', 'formation:wall_seconds:measured': '19.2022949', 'overhead:wall_seconds:measured': '19.8077225', 'transfer:wall_seconds:measured': '17.9576207', 'use:wall_seconds:measured': '38.2278668', 'verification:wall_seconds:measured': '10.7837247'}","{'formation:USD:unavailable': 3, 'overhead:USD:unavailable': 27, 'transfer:USD:unavailable': 6, 'use:USD:unavailable': 29, 'verification:USD:unavailable': 15}",nested signed duration observations; never total wall time
3,adaptive,6,6,1.0,3,3,0,989,915,74,45.79758139999467,48.422793000005186,41.104946,0,0,,goals_satisfied,29,0,3,0,3,1,0,0,"{'formation:model_tokens:measured': '989', 'formation:wall_seconds:measured': '9.1431503', 'overhead:wall_seconds:measured': '11.2762831', 'transfer:wall_seconds:measured': '7.8348921', 'use:wall_seconds:measured': '36.4742850', 'verification:wall_seconds:measured': '10.8537935'}","{'formation:USD:unavailable': 3, 'overhead:USD:unavailable': 39, 'transfer:USD:unavailable': 6, 'use:USD:unavailable': 29, 'verification:USD:unavailable': 15}",nested signed duration observations; never total wall time
4,static,6,6,1.0,3,3,0,969,890,79,52.11134250002215,54.91845270001795,46.085642,0,0,,goals_satisfied,29,0,3,0,1,1,0,0,"{'formation:model_tokens:measured': '969', 'formation:wall_seconds:measured': '18.9639297', 'overhead:wall_seconds:measured': '19.2789912', 'transfer:wall_seconds:measured': '17.6146471', 'use:wall_seconds:measured': '35.5806560', 'verification:wall_seconds:measured': '10.1662600'}","{'formation:USD:unavailable': 3, 'overhead:USD:unavailable': 27, 'transfer:USD:unavailable': 6, 'use:USD:unavailable': 29, 'verification:USD:unavailable': 15}",nested signed duration observations; never total wall time
4,adaptive,6,6,1.0,3,3,0,969,890,79,44.25721149999299,47.005747799994424,39.618031,0,0,,goals_satisfied,29,0,3,0,3,1,0,0,"{'formation:model_tokens:measured': '969', 'formation:wall_seconds:measured': '9.2235012', 'overhead:wall_seconds:measured': '11.0542586', 'transfer:wall_seconds:measured': '7.8080273', 'use:wall_seconds:measured': '34.9119009', 'verification:wall_seconds:measured': '10.3783944'}","{'formation:USD:unavailable': 3, 'overhead:USD:unavailable': 39, 'transfer:USD:unavailable': 6, 'use:USD:unavailable': 29, 'verification:USD:unavailable': 15}",nested signed duration observations; never total wall time
5,static,6,6,1.0,3,3,0,1015,949,66,52.379932300013024,55.09841120001511,47.77689,0,0,,goals_satisfied,29,0,3,0,1,1,0,0,"{'formation:model_tokens:measured': '1015', 'formation:wall_seconds:measured': '19.2604692', 'overhead:wall_seconds:measured': '19.6731608', 'transfer:wall_seconds:measured': '18.0546160', 'use:wall_seconds:measured': '33.8496590', 'verification:wall_seconds:measured': '10.0667861'}","{'formation:USD:unavailable': 3, 'overhead:USD:unavailable': 27, 'transfer:USD:unavailable': 6, 'use:USD:unavailable': 29, 'verification:USD:unavailable': 15}",nested signed duration observations; never total wall time
5,adaptive,6,6,1.0,3,3,0,1015,949,66,46.909453900007065,49.83285520001664,41.794284,0,0,,goals_satisfied,29,0,3,0,3,1,0,0,"{'formation:model_tokens:measured': '1015', 'formation:wall_seconds:measured': '8.5334418', 'overhead:wall_seconds:measured': '10.7005002', 'transfer:wall_seconds:measured': '7.1958685', 'use:wall_seconds:measured': '42.6674021', 'verification:wall_seconds:measured': '12.6192105'}","{'formation:USD:unavailable': 3, 'overhead:USD:unavailable': 39, 'transfer:USD:unavailable': 6, 'use:USD:unavailable': 29, 'verification:USD:unavailable': 15}",nested signed duration observations; never total wall time
6,static,6,6,1.0,3,3,0,936,856,80,52.90491209999891,55.53802619999624,48.174043,0,0,,goals_satisfied,29,0,3,0,1,1,0,0,"{'formation:model_tokens:measured': '936', 'formation:wall_seconds:measured': '18.8751563', 'overhead:wall_seconds:measured': '19.1936716', 'transfer:wall_seconds:measured': '17.4700225', 'use:wall_seconds:measured': '34.6987127', 'verification:wall_seconds:measured': '10.2719590'}","{'formation:USD:unavailable': 3, 'overhead:USD:unavailable': 27, 'transfer:USD:unavailable': 6, 'use:USD:unavailable': 29, 'verification:USD:unavailable': 15}",nested signed duration observations; never total wall time
6,adaptive,6,6,1.0,3,3,0,921,856,65,43.780881299986504,46.433568999986164,39.145367,0,0,,goals_satisfied,29,0,3,0,3,1,0,0,"{'formation:model_tokens:measured': '921', 'formation:wall_seconds:measured': '8.3774217', 'overhead:wall_seconds:measured': '10.5026519', 'transfer:wall_seconds:measured': '7.2541918', 'use:wall_seconds:measured': '35.0801174', 'verification:wall_seconds:measured': '10.2317157'}","{'formation:USD:unavailable': 3, 'overhead:USD:unavailable': 39, 'transfer:USD:unavailable': 6, 'use:USD:unavailable': 29, 'verification:USD:unavailable': 15}",nested signed duration observations; never total wall time
7,static,6,6,1.0,3,3,0,1031,951,80,53.2413781999785,56.120962999993935,47.928799,0,0,,goals_satisfied,29,0,3,0,1,1,0,0,"{'formation:model_tokens:measured': '1031', 'formation:wall_seconds:measured': '19.9625203', 'overhead:wall_seconds:measured': '20.3920874', 'transfer:wall_seconds:measured': '18.7406003', 'use:wall_seconds:measured': '34.5839076', 'verification:wall_seconds:measured': '10.1685758'}","{'formation:USD:unavailable': 3, 'overhead:USD:unavailable': 27, 'transfer:USD:unavailable': 6, 'use:USD:unavailable': 29, 'verification:USD:unavailable': 15}",nested signed duration observations; never total wall time
7,adaptive,6,6,1.0,3,3,0,1025,951,74,45.86061800000607,48.586725800007116,39.71158,0,0,,goals_satisfied,29,0,3,0,3,1,0,0,"{'formation:model_tokens:measured': '1025', 'formation:wall_seconds:measured': '8.8488118', 'overhead:wall_seconds:measured': '10.9423338', 'transfer:wall_seconds:measured': '7.7925338', 'use:wall_seconds:measured': '37.0994116', 'verification:wall_seconds:measured': '10.5428677'}","{'formation:USD:unavailable': 3, 'overhead:USD:unavailable': 39, 'transfer:USD:unavailable': 6, 'use:USD:unavailable': 29, 'verification:USD:unavailable': 15}",nested signed duration observations; never total wall time
8,static,6,6,1.0,3,3,0,960,896,64,56.1557327999908,58.82355890001054,51.173077,0,0,,goals_satisfied,29,0,3,0,1,1,0,0,"{'formation:model_tokens:measured': '960', 'formation:wall_seconds:measured': '18.7597200', 'overhead:wall_seconds:measured': '19.3831257', 'transfer:wall_seconds:measured': '17.4839313', 'use:wall_seconds:measured': '37.2630427', 'verification:wall_seconds:measured': '10.8712026'}","{'formation:USD:unavailable': 3, 'overhead:USD:unavailable': 27, 'transfer:USD:unavailable': 6, 'use:USD:unavailable': 29, 'verification:USD:unavailable': 15}",nested signed duration observations; never total wall time
8,adaptive,6,6,1.0,3,3,0,975,896,79,45.775004199997056,48.707922500005225,40.485643,0,0,,goals_satisfied,29,0,3,0,3,1,0,0,"{'formation:model_tokens:measured': '975', 'formation:wall_seconds:measured': '9.7331258', 'overhead:wall_seconds:measured': '11.8298147', 'transfer:wall_seconds:measured': '8.4154606', 'use:wall_seconds:measured': '35.8643721', 'verification:wall_seconds:measured': '10.2287997'}","{'formation:USD:unavailable': 3, 'overhead:USD:unavailable': 39, 'transfer:USD:unavailable': 6, 'use:USD:unavailable': 29, 'verification:USD:unavailable': 15}",nested signed duration observations; never total wall time
9,static,6,6,1.0,3,3,0,1003,922,81,50.36688859999413,53.090737299993634,45.383275,0,0,,goals_satisfied,29,0,3,0,1,1,0,0,"{'formation:model_tokens:measured': '1003', 'formation:wall_seconds:measured': '10.2325306', 'overhead:wall_seconds:measured': '11.6807394', 'transfer:wall_seconds:measured': '9.3262188', 'use:wall_seconds:measured': '40.0451625', 'verification:wall_seconds:measured': '12.1324316'}","{'formation:USD:unavailable': 3, 'overhead:USD:unavailable': 27, 'transfer:USD:unavailable': 6, 'use:USD:unavailable': 29, 'verification:USD:unavailable': 15}",nested signed duration observations; never total wall time
9,adaptive,6,6,1.0,3,3,0,1003,922,81,68.35063179998542,71.13102299999446,62.198294,0,0,,goals_satisfied,29,0,3,0,3,1,0,0,"{'formation:model_tokens:measured': '1003', 'formation:wall_seconds:measured': '22.5084669', 'overhead:wall_seconds:measured': '25.1476691', 'transfer:wall_seconds:measured': '21.0029782', 'use:wall_seconds:measured': '43.5235230', 'verification:wall_seconds:measured': '12.8318501'}","{'formation:USD:unavailable': 3, 'overhead:USD:unavailable': 39, 'transfer:USD:unavailable': 6, 'use:USD:unavailable': 29, 'verification:USD:unavailable': 15}",nested signed duration observations; never total wall time
10,static,6,6,1.0,3,3,0,948,868,80,45.046111399977235,47.76408339999034,39.855701,0,0,,goals_satisfied,29,0,3,0,1,1,0,0,"{'formation:model_tokens:measured': '948', 'formation:wall_seconds:measured': '9.7476717', 'overhead:wall_seconds:measured': '10.4227298', 'transfer:wall_seconds:measured': '8.5034394', 'use:wall_seconds:measured': '37.0434439', 'verification:wall_seconds:measured': '10.9745795'}","{'formation:USD:unavailable': 3, 'overhead:USD:unavailable': 27, 'transfer:USD:unavailable': 6, 'use:USD:unavailable': 29, 'verification:USD:unavailable': 15}",nested signed duration observations; never total wall time
10,adaptive,6,6,1.0,3,3,0,948,868,80,55.16949129998102,57.984634799999185,49.772779,0,0,,goals_satisfied,29,0,3,0,3,1,0,0,"{'formation:model_tokens:measured': '948', 'formation:wall_seconds:measured': '18.8780733', 'overhead:wall_seconds:measured': '21.0227163', 'transfer:wall_seconds:measured': '17.6365765', 'use:wall_seconds:measured': '34.3326200', 'verification:wall_seconds:measured': '10.3993815'}","{'formation:USD:unavailable': 3, 'overhead:USD:unavailable': 39, 'transfer:USD:unavailable': 6, 'use:USD:unavailable': 29, 'verification:USD:unavailable': 15}",nested signed duration observations; never total wall time
11,static,6,6,1.0,3,3,0,1054,975,79,43.877761499985354,46.36094280000543,38.703688,0,0,,goals_satisfied,29,0,3,0,1,1,0,0,"{'formation:model_tokens:measured': '1054', 'formation:wall_seconds:measured': '9.1000729', 'overhead:wall_seconds:measured': '9.9751534', 'transfer:wall_seconds:measured': '7.9292051', 'use:wall_seconds:measured': '34.8985846', 'verification:wall_seconds:measured': '10.1891210'}","{'formation:USD:unavailable': 3, 'overhead:USD:unavailable': 27, 'transfer:USD:unavailable': 6, 'use:USD:unavailable': 29, 'verification:USD:unavailable': 15}",nested signed duration observations; never total wall time
11,adaptive,6,6,1.0,3,3,0,1054,975,79,56.651925200014375,59.466036099998746,51.921712,0,0,,goals_satisfied,29,0,3,0,3,1,0,0,"{'formation:model_tokens:measured': '1054', 'formation:wall_seconds:measured': '21.1479512', 'overhead:wall_seconds:measured': '22.9607047', 'transfer:wall_seconds:measured': '19.8119216', 'use:wall_seconds:measured': '34.8066729', 'verification:wall_seconds:measured': '10.2739763'}","{'formation:USD:unavailable': 3, 'overhead:USD:unavailable': 39, 'transfer:USD:unavailable': 6, 'use:USD:unavailable': 29, 'verification:USD:unavailable': 15}",nested signed duration observations; never total wall time
12,static,6,6,1.0,3,3,0,980,914,66,53.055689300002996,55.8142358000041,47.329201,0,0,,goals_satisfied,29,0,3,0,1,1,0,0,"{'formation:model_tokens:measured': '980', 'formation:wall_seconds:measured': '18.8479276', 'overhead:wall_seconds:measured': '19.3291260', 'transfer:wall_seconds:measured': '17.5600594', 'use:wall_seconds:measured': '37.1146656', 'verification:wall_seconds:measured': '10.6321560'}","{'formation:USD:unavailable': 3, 'overhead:USD:unavailable': 27, 'transfer:USD:unavailable': 6, 'use:USD:unavailable': 29, 'verification:USD:unavailable': 15}",nested signed duration observations; never total wall time
12,adaptive,6,6,1.0,3,3,0,978,914,64,49.59417139997822,52.470754699985264,44.295365,0,0,,goals_satisfied,29,0,3,0,3,1,0,0,"{'formation:model_tokens:measured': '978', 'formation:wall_seconds:measured': '8.7083418', 'overhead:wall_seconds:measured': '11.1765313', 'transfer:wall_seconds:measured': '7.2507409', 'use:wall_seconds:measured': '43.8515224', 'verification:wall_seconds:measured': '13.1002976'}","{'formation:USD:unavailable': 3, 'overhead:USD:unavailable': 39, 'transfer:USD:unavailable': 6, 'use:USD:unavailable': 29, 'verification:USD:unavailable': 15}",nested signed duration observations; never total wall time
13,static,6,6,1.0,3,3,0,1015,934,81,55.61594000001787,58.23484080002527,50.45976,0,0,,goals_satisfied,29,0,3,0,1,1,0,0,"{'formation:model_tokens:measured': '1015', 'formation:wall_seconds:measured': '20.1533015', 'overhead:wall_seconds:measured': '20.6654948', 'transfer:wall_seconds:measured': '18.9452745', 'use:wall_seconds:measured': '36.6828719', 'verification:wall_seconds:measured': '10.7233478'}","{'formation:USD:unavailable': 3, 'overhead:USD:unavailable': 27, 'transfer:USD:unavailable': 6, 'use:USD:unavailable': 29, 'verification:USD:unavailable': 15}",nested signed duration observations; never total wall time
13,adaptive,6,6,1.0,3,3,0,1015,934,81,48.92163430000073,51.587138199975016,43.699307,0,0,,goals_satisfied,29,0,3,0,3,1,0,0,"{'formation:model_tokens:measured': '1015', 'formation:wall_seconds:measured': '9.7339200', 'overhead:wall_seconds:measured': '12.2846470', 'transfer:wall_seconds:measured': '8.7134842', 'use:wall_seconds:measured': '37.3151993', 'verification:wall_seconds:measured': '10.9171411'}","{'formation:USD:unavailable': 3, 'overhead:USD:unavailable': 39, 'transfer:USD:unavailable': 6, 'use:USD:unavailable': 29, 'verification:USD:unavailable': 15}",nested signed duration observations; never total wall time
14,static,6,6,1.0,3,3,0,927,862,65,44.68950790000963,47.333139500027755,38.959615,0,0,,goals_satisfied,29,0,3,0,1,1,0,0,"{'formation:model_tokens:measured': '927', 'formation:wall_seconds:measured': '8.7397162', 'overhead:wall_seconds:measured': '8.7884663', 'transfer:wall_seconds:measured': '7.1179930', 'use:wall_seconds:measured': '40.5713487', 'verification:wall_seconds:measured': '11.7796228'}","{'formation:USD:unavailable': 3, 'overhead:USD:unavailable': 27, 'transfer:USD:unavailable': 6, 'use:USD:unavailable': 29, 'verification:USD:unavailable': 15}",nested signed duration observations; never total wall time
14,adaptive,6,6,1.0,3,3,0,927,862,65,54.0713130000222,56.770950900012394,49.158093,0,0,,goals_satisfied,29,0,3,0,3,1,0,0,"{'formation:model_tokens:measured': '927', 'formation:wall_seconds:measured': '18.1019970', 'overhead:wall_seconds:measured': '20.0077331', 'transfer:wall_seconds:measured': '16.7303511', 'use:wall_seconds:measured': '35.6001658', 'verification:wall_seconds:measured': '10.3913865'}","{'formation:USD:unavailable': 3, 'overhead:USD:unavailable': 39, 'transfer:USD:unavailable': 6, 'use:USD:unavailable': 29, 'verification:USD:unavailable': 15}",nested signed duration observations; never total wall time
15,static,6,6,1.0,3,3,0,1028,948,80,47.74230389998411,50.2710342000064,42.59428,0,0,,goals_satisfied,29,0,3,0,1,1,0,0,"{'formation:model_tokens:measured': '1028', 'formation:wall_seconds:measured': '10.0066487', 'overhead:wall_seconds:measured': '10.4507479', 'transfer:wall_seconds:measured': '8.6188481', 'use:wall_seconds:measured': '38.7653806', 'verification:wall_seconds:measured': '11.2344859'}","{'formation:USD:unavailable': 3, 'overhead:USD:unavailable': 27, 'transfer:USD:unavailable': 6, 'use:USD:unavailable': 29, 'verification:USD:unavailable': 15}",nested signed duration observations; never total wall time
15,adaptive,6,6,1.0,3,3,0,1028,948,80,59.105760400008876,61.97170989998267,54.06754,0,0,,goals_satisfied,29,0,3,0,3,1,0,0,"{'formation:model_tokens:measured': '1028', 'formation:wall_seconds:measured': '20.7079678', 'overhead:wall_seconds:measured': '22.8271650', 'transfer:wall_seconds:measured': '19.3813526', 'use:wall_seconds:measured': '37.3043020', 'verification:wall_seconds:measured': '10.8765658'}","{'formation:USD:unavailable': 3, 'overhead:USD:unavailable': 39, 'transfer:USD:unavailable': 6, 'use:USD:unavailable': 29, 'verification:USD:unavailable': 15}",nested signed duration observations; never total wall time
16,static,6,6,1.0,3,3,0,948,884,64,54.603838300012285,57.40583030000562,48.852999,0,0,,goals_satisfied,29,0,3,0,1,1,0,0,"{'formation:model_tokens:measured': '948', 'formation:wall_seconds:measured': '18.5347280', 'overhead:wall_seconds:measured': '18.6237412', 'transfer:wall_seconds:measured': '16.8018292', 'use:wall_seconds:measured': '40.2646639', 'verification:wall_seconds:measured': '11.4453898'}","{'formation:USD:unavailable': 3, 'overhead:USD:unavailable': 27, 'transfer:USD:unavailable': 6, 'use:USD:unavailable': 29, 'verification:USD:unavailable': 15}",nested signed duration observations; never total wall time
16,adaptive,6,6,1.0,3,3,0,948,884,64,49.90262100001564,52.558143400005065,44.346574,0,0,,goals_satisfied,29,0,3,0,3,1,0,0,"{'formation:model_tokens:measured': '948', 'formation:wall_seconds:measured': '9.1424987', 'overhead:wall_seconds:measured': '10.5927276', 'transfer:wall_seconds:measured': '6.9901108', 'use:wall_seconds:measured': '42.0518348', 'verification:wall_seconds:measured': '12.3589590'}","{'formation:USD:unavailable': 3, 'overhead:USD:unavailable': 39, 'transfer:USD:unavailable': 6, 'use:USD:unavailable': 29, 'verification:USD:unavailable': 15}",nested signed duration observations; never total wall time
17,static,6,6,1.0,3,3,0,997,931,66,43.79118100000778,46.59330020000925,38.337716,0,0,,goals_satisfied,29,0,3,0,1,1,0,0,"{'formation:model_tokens:measured': '997', 'formation:wall_seconds:measured': '8.2656782', 'overhead:wall_seconds:measured': '8.8258385', 'transfer:wall_seconds:measured': '7.0081954', 'use:wall_seconds:measured': '37.9859177', 'verification:wall_seconds:measured': '11.0372678'}","{'formation:USD:unavailable': 3, 'overhead:USD:unavailable': 27, 'transfer:USD:unavailable': 6, 'use:USD:unavailable': 29, 'verification:USD:unavailable': 15}",nested signed duration observations; never total wall time
17,adaptive,6,6,1.0,3,3,0,1012,931,81,56.06894649998867,58.8766353999963,50.879371,0,0,,goals_satisfied,29,0,3,0,3,1,0,0,"{'formation:model_tokens:measured': '1012', 'formation:wall_seconds:measured': '19.6931514', 'overhead:wall_seconds:measured': '21.9226990', 'transfer:wall_seconds:measured': '18.4127128', 'use:wall_seconds:measured': '36.9691512', 'verification:wall_seconds:measured': '10.7615831'}","{'formation:USD:unavailable': 3, 'overhead:USD:unavailable': 39, 'transfer:USD:unavailable': 6, 'use:USD:unavailable': 29, 'verification:USD:unavailable': 15}",nested signed duration observations; never total wall time
18,static,6,6,1.0,3,3,0,927,847,80,52.833346600004006,55.34017979999771,47.405463,0,0,,goals_satisfied,29,0,3,0,1,1,0,0,"{'formation:model_tokens:measured': '927', 'formation:wall_seconds:measured': '10.3557310', 'overhead:wall_seconds:measured': '11.0059533', 'transfer:wall_seconds:measured': '8.5988196', 'use:wall_seconds:measured': '44.1992972', 'verification:wall_seconds:measured': '12.5432312'}","{'formation:USD:unavailable': 3, 'overhead:USD:unavailable': 27, 'transfer:USD:unavailable': 6, 'use:USD:unavailable': 29, 'verification:USD:unavailable': 15}",nested signed duration observations; never total wall time
18,adaptive,6,6,1.0,3,3,0,912,847,65,58.30440449999878,61.23574129998451,52.602445,0,0,,goals_satisfied,29,0,3,0,3,1,0,0,"{'formation:model_tokens:measured': '912', 'formation:wall_seconds:measured': '17.9572213', 'overhead:wall_seconds:measured': '20.0408277', 'transfer:wall_seconds:measured': '16.5417400', 'use:wall_seconds:measured': '39.1544575', 'verification:wall_seconds:measured': '11.1428114'}","{'formation:USD:unavailable': 3, 'overhead:USD:unavailable': 39, 'transfer:USD:unavailable': 6, 'use:USD:unavailable': 29, 'verification:USD:unavailable': 15}",nested signed duration observations; never total wall time
19,static,6,6,1.0,3,3,0,1016,936,80,59.903828899987275,62.58093159997952,54.973136,0,0,,goals_satisfied,29,0,3,0,1,1,0,0,"{'formation:model_tokens:measured': '1016', 'formation:wall_seconds:measured': '21.0197929', 'overhead:wall_seconds:measured': '21.6609083', 'transfer:wall_seconds:measured': '19.4098345', 'use:wall_seconds:measured': '41.5148685', 'verification:wall_seconds:measured': '12.1839904'}","{'formation:USD:unavailable': 3, 'overhead:USD:unavailable': 27, 'transfer:USD:unavailable': 6, 'use:USD:unavailable': 29, 'verification:USD:unavailable': 15}",nested signed duration observations; never total wall time
19,adaptive,6,6,1.0,3,3,0,1016,936,80,49.4830260000017,52.60622370001511,43.16285,0,0,,goals_satisfied,29,0,3,0,3,1,0,0,"{'formation:model_tokens:measured': '1016', 'formation:wall_seconds:measured': '9.8828552', 'overhead:wall_seconds:measured': '12.0679607', 'transfer:wall_seconds:measured': '8.4206286', 'use:wall_seconds:measured': '42.6446456', 'verification:wall_seconds:measured': '12.1221866'}","{'formation:USD:unavailable': 3, 'overhead:USD:unavailable': 39, 'transfer:USD:unavailable': 6, 'use:USD:unavailable': 29, 'verification:USD:unavailable': 15}",nested signed duration observations; never total wall time
20,static,6,6,1.0,3,3,0,990,911,79,44.362195800000336,47.11562560001039,38.522997,0,0,,goals_satisfied,29,0,3,0,1,1,0,0,"{'formation:model_tokens:measured': '990', 'formation:wall_seconds:measured': '9.4627021', 'overhead:wall_seconds:measured': '9.9326541', 'transfer:wall_seconds:measured': '8.0757467', 'use:wall_seconds:measured': '38.0250643', 'verification:wall_seconds:measured': '11.0084393'}","{'formation:USD:unavailable': 3, 'overhead:USD:unavailable': 27, 'transfer:USD:unavailable': 6, 'use:USD:unavailable': 29, 'verification:USD:unavailable': 15}",nested signed duration observations; never total wall time
20,adaptive,6,6,1.0,3,3,0,990,911,79,57.785473099997034,60.44809109999915,53.11639,0,0,,goals_satisfied,29,0,3,0,3,1,0,0,"{'formation:model_tokens:measured': '990', 'formation:wall_seconds:measured': '20.0137484', 'overhead:wall_seconds:measured': '22.4353042', 'transfer:wall_seconds:measured': '18.6055924', 'use:wall_seconds:measured': '35.4650194', 'verification:wall_seconds:measured': '10.5553770'}","{'formation:USD:unavailable': 3, 'overhead:USD:unavailable': 39, 'transfer:USD:unavailable': 6, 'use:USD:unavailable': 29, 'verification:USD:unavailable': 15}",nested signed duration observations; never total wall time
21,static,6,6,1.0,3,3,0,1003,922,81,60.23872219998157,62.80320550000761,54.646263,0,0,,goals_satisfied,29,0,3,0,1,1,0,0,"{'formation:model_tokens:measured': '1003', 'formation:wall_seconds:measured': '20.1145131', 'overhead:wall_seconds:measured': '20.5779820', 'transfer:wall_seconds:measured': '18.3626409', 'use:wall_seconds:measured': '39.4046441', 'verification:wall_seconds:measured': '11.1375900'}","{'formation:USD:unavailable': 3, 'overhead:USD:unavailable': 27, 'transfer:USD:unavailable': 6, 'use:USD:unavailable': 29, 'verification:USD:unavailable': 15}",nested signed duration observations; never total wall time
21,adaptive,6,6,1.0,3,3,0,1003,922,81,43.3672144000011,46.183659400005126,38.428333,0,0,,goals_satisfied,29,0,3,0,3,1,0,0,"{'formation:model_tokens:measured': '1003', 'formation:wall_seconds:measured': '9.0625350', 'overhead:wall_seconds:measured': '11.0102529', 'transfer:wall_seconds:measured': '7.8209610', 'use:wall_seconds:measured': '34.8674868', 'verification:wall_seconds:measured': '10.3791260'}","{'formation:USD:unavailable': 3, 'overhead:USD:unavailable': 39, 'transfer:USD:unavailable': 6, 'use:USD:unavailable': 29, 'verification:USD:unavailable': 15}",nested signed duration observations; never total wall time
22,static,6,6,1.0,3,3,0,903,838,65,51.23923969999305,53.93472339998698,45.648492,0,0,,goals_satisfied,29,0,3,0,1,1,0,0,"{'formation:model_tokens:measured': '903', 'formation:wall_seconds:measured': '9.2383834', 'overhead:wall_seconds:measured': '9.8442969', 'transfer:wall_seconds:measured': '7.3002291', 'use:wall_seconds:measured': '40.7273951', 'verification:wall_seconds:measured': '12.5588630'}","{'formation:USD:unavailable': 3, 'overhead:USD:unavailable': 27, 'transfer:USD:unavailable': 6, 'use:USD:unavailable': 29, 'verification:USD:unavailable': 15}",nested signed duration observations; never total wall time
22,adaptive,6,6,1.0,3,3,0,903,838,65,64.2588098999986,67.39850219999789,56.084017,0,0,,goals_satisfied,29,0,3,0,3,1,0,0,"{'formation:model_tokens:measured': '903', 'formation:wall_seconds:measured': '18.1715341', 'overhead:wall_seconds:measured': '21.0019727', 'transfer:wall_seconds:measured': '16.7428855', 'use:wall_seconds:measured': '47.3293652', 'verification:wall_seconds:measured': '13.3221479'}","{'formation:USD:unavailable': 3, 'overhead:USD:unavailable': 39, 'transfer:USD:unavailable': 6, 'use:USD:unavailable': 29, 'verification:USD:unavailable': 15}",nested signed duration observations; never total wall time
23,static,6,6,1.0,3,3,0,1060,981,79,62.01954390000901,64.72374070002115,55.67958,0,0,,goals_satisfied,29,0,3,0,1,1,0,0,"{'formation:model_tokens:measured': '1060', 'formation:wall_seconds:measured': '21.2918451', 'overhead:wall_seconds:measured': '21.3051426', 'transfer:wall_seconds:measured': '19.6287091', 'use:wall_seconds:measured': '45.5685536', 'verification:wall_seconds:measured': '13.3074037'}","{'formation:USD:unavailable': 3, 'overhead:USD:unavailable': 27, 'transfer:USD:unavailable': 6, 'use:USD:unavailable': 29, 'verification:USD:unavailable': 15}",nested signed duration observations; never total wall time
23,adaptive,6,6,1.0,3,3,0,1060,981,79,47.048510499997064,49.722286000003805,42.261415,0,0,,goals_satisfied,29,0,3,0,3,1,0,0,"{'formation:model_tokens:measured': '1060', 'formation:wall_seconds:measured': '10.0183026', 'overhead:wall_seconds:measured': '11.9437780', 'transfer:wall_seconds:measured': '8.3818644', 'use:wall_seconds:measured': '35.3521250', 'verification:wall_seconds:measured': '10.5531399'}","{'formation:USD:unavailable': 3, 'overhead:USD:unavailable': 39, 'transfer:USD:unavailable': 6, 'use:USD:unavailable': 29, 'verification:USD:unavailable': 15}",nested signed duration observations; never total wall time
24,static,6,6,1.0,3,3,0,960,881,79,47.98501189998933,50.61112660000799,42.553962,0,0,,goals_satisfied,29,0,3,0,1,1,0,0,"{'formation:model_tokens:measured': '960', 'formation:wall_seconds:measured': '9.5106077', 'overhead:wall_seconds:measured': '10.1640675', 'transfer:wall_seconds:measured': '8.1973043', 'use:wall_seconds:measured': '37.8092815', 'verification:wall_seconds:measured': '11.0126860'}","{'formation:USD:unavailable': 3, 'overhead:USD:unavailable': 27, 'transfer:USD:unavailable': 6, 'use:USD:unavailable': 29, 'verification:USD:unavailable': 15}",nested signed duration observations; never total wall time
24,adaptive,6,6,1.0,3,3,0,960,881,79,57.92342150001787,60.70568360001198,51.785745,0,0,,goals_satisfied,29,0,3,0,3,1,0,0,"{'formation:model_tokens:measured': '960', 'formation:wall_seconds:measured': '19.3157893', 'overhead:wall_seconds:measured': '21.5935557', 'transfer:wall_seconds:measured': '18.1359143', 'use:wall_seconds:measured': '40.0755119', 'verification:wall_seconds:measured': '11.5436050'}","{'formation:USD:unavailable': 3, 'overhead:USD:unavailable': 39, 'transfer:USD:unavailable': 6, 'use:USD:unavailable': 29, 'verification:USD:unavailable': 15}",nested signed duration observations; never total wall time
25,static,6,6,1.0,3,3,0,997,931,66,52.33819820001372,55.11053740000352,47.267059,0,0,,goals_satisfied,29,0,3,0,1,1,0,0,"{'formation:model_tokens:measured': '997', 'formation:wall_seconds:measured': '18.8807982', 'overhead:wall_seconds:measured': '19.5297725', 'transfer:wall_seconds:measured': '17.6904233', 'use:wall_seconds:measured': '36.1639130', 'verification:wall_seconds:measured': '10.7283552'}","{'formation:USD:unavailable': 3, 'overhead:USD:unavailable': 27, 'transfer:USD:unavailable': 6, 'use:USD:unavailable': 29, 'verification:USD:unavailable': 15}",nested signed duration observations; never total wall time
25,adaptive,6,6,1.0,3,3,0,1012,931,81,52.52274600000237,55.21614580001915,46.823721,0,0,,goals_satisfied,29,0,3,0,3,1,0,0,"{'formation:model_tokens:measured': '1012', 'formation:wall_seconds:measured': '9.8329904', 'overhead:wall_seconds:measured': '12.8727752', 'transfer:wall_seconds:measured': '8.8178012', 'use:wall_seconds:measured': '40.6086137', 'verification:wall_seconds:measured': '11.6974371'}","{'formation:USD:unavailable': 3, 'overhead:USD:unavailable': 39, 'transfer:USD:unavailable': 6, 'use:USD:unavailable': 29, 'verification:USD:unavailable': 15}",nested signed duration observations; never total wall time
26,static,6,6,1.0,3,3,0,921,856,65,46.75740050000604,49.6296087000228,41.088613,0,0,,goals_satisfied,29,0,3,0,1,1,0,0,"{'formation:model_tokens:measured': '921', 'formation:wall_seconds:measured': '8.4838128', 'overhead:wall_seconds:measured': '9.0087903', 'transfer:wall_seconds:measured': '7.1622164', 'use:wall_seconds:measured': '40.1575630', 'verification:wall_seconds:measured': '11.3456100'}","{'formation:USD:unavailable': 3, 'overhead:USD:unavailable': 27, 'transfer:USD:unavailable': 6, 'use:USD:unavailable': 29, 'verification:USD:unavailable': 15}",nested signed duration observations; never total wall time
26,adaptive,6,6,1.0,3,3,0,915,856,59,54.87573929998325,57.666545299987774,49.079746,0,0,,goals_satisfied,29,0,3,0,3,1,0,0,"{'formation:model_tokens:measured': '915', 'formation:wall_seconds:measured': '17.2241269', 'overhead:wall_seconds:measured': '19.2117647', 'transfer:wall_seconds:measured': '15.9716487', 'use:wall_seconds:measured': '39.5053700', 'verification:wall_seconds:measured': '11.5716217'}","{'formation:USD:unavailable': 3, 'overhead:USD:unavailable': 39, 'transfer:USD:unavailable': 6, 'use:USD:unavailable': 29, 'verification:USD:unavailable': 15}",nested signed duration observations; never total wall time
27,static,6,6,1.0,3,3,0,1018,939,79,47.26644239999587,49.75300630001584,40.42639,0,0,,goals_satisfied,29,0,3,0,1,1,0,0,"{'formation:model_tokens:measured': '1018', 'formation:wall_seconds:measured': '10.0595603', 'overhead:wall_seconds:measured': '10.0583671', 'transfer:wall_seconds:measured': '8.3872770', 'use:wall_seconds:measured': '40.6980193', 'verification:wall_seconds:measured': '11.3208014'}","{'formation:USD:unavailable': 3, 'overhead:USD:unavailable': 27, 'transfer:USD:unavailable': 6, 'use:USD:unavailable': 29, 'verification:USD:unavailable': 15}",nested signed duration observations; never total wall time
27,adaptive,6,6,1.0,3,3,0,1018,939,79,58.02898220001953,60.82106180000119,52.864675,0,0,,goals_satisfied,29,0,3,0,3,1,0,0,"{'formation:model_tokens:measured': '1018', 'formation:wall_seconds:measured': '20.1632268', 'overhead:wall_seconds:measured': '22.4848855', 'transfer:wall_seconds:measured': '18.9601607', 'use:wall_seconds:measured': '38.1609884', 'verification:wall_seconds:measured': '11.2537530'}","{'formation:USD:unavailable': 3, 'overhead:USD:unavailable': 39, 'transfer:USD:unavailable': 6, 'use:USD:unavailable': 29, 'verification:USD:unavailable': 15}",nested signed duration observations; never total wall time
28,static,6,6,1.0,3,3,0,987,908,79,48.76741140001104,51.697515700012445,43.180394,0,0,,goals_satisfied,29,0,3,0,1,1,0,0,"{'formation:model_tokens:measured': '987', 'formation:wall_seconds:measured': '10.1683619', 'overhead:wall_seconds:measured': '10.4550307', 'transfer:wall_seconds:measured': '8.3497215', 'use:wall_seconds:measured': '41.7562318', 'verification:wall_seconds:measured': '12.2731999'}","{'formation:USD:unavailable': 3, 'overhead:USD:unavailable': 27, 'transfer:USD:unavailable': 6, 'use:USD:unavailable': 29, 'verification:USD:unavailable': 15}",nested signed duration observations; never total wall time
28,adaptive,6,6,1.0,3,3,0,987,908,79,58.040716599993175,61.031307400000514,52.816203,0,0,,goals_satisfied,29,0,3,0,3,1,0,0,"{'formation:model_tokens:measured': '987', 'formation:wall_seconds:measured': '19.9635500', 'overhead:wall_seconds:measured': '21.8902075', 'transfer:wall_seconds:measured': '18.5831714', 'use:wall_seconds:measured': '40.2265469', 'verification:wall_seconds:measured': '11.6546920'}","{'formation:USD:unavailable': 3, 'overhead:USD:unavailable': 39, 'transfer:USD:unavailable': 6, 'use:USD:unavailable': 29, 'verification:USD:unavailable': 15}",nested signed duration observations; never total wall time
29,static,6,6,1.0,3,3,0,1000,934,66,45.20912949999911,47.82268610000028,39.455392,0,0,,goals_satisfied,29,0,3,0,1,1,0,0,"{'formation:model_tokens:measured': '1000', 'formation:wall_seconds:measured': '8.5507840', 'overhead:wall_seconds:measured': '8.9293897', 'transfer:wall_seconds:measured': '7.2093600', 'use:wall_seconds:measured': '38.6728762', 'verification:wall_seconds:measured': '11.4279915'}","{'formation:USD:unavailable': 3, 'overhead:USD:unavailable': 27, 'transfer:USD:unavailable': 6, 'use:USD:unavailable': 29, 'verification:USD:unavailable': 15}",nested signed duration observations; never total wall time
29,adaptive,6,6,1.0,3,3,0,1000,934,66,58.78168650000589,61.46813990001101,53.598706,0,0,,goals_satisfied,29,0,3,0,3,1,0,0,"{'formation:model_tokens:measured': '1000', 'formation:wall_seconds:measured': '19.7217695', 'overhead:wall_seconds:measured': '21.2696439', 'transfer:wall_seconds:measured': '17.5620370', 'use:wall_seconds:measured': '38.6499758', 'verification:wall_seconds:measured': '11.4572155'}","{'formation:USD:unavailable': 3, 'overhead:USD:unavailable': 39, 'transfer:USD:unavailable': 6, 'use:USD:unavailable': 29, 'verification:USD:unavailable': 15}",nested signed duration observations; never total wall time
