world,stage,arm,view,family,level,offer,succeeded,failure_classes,Q,restricted_time_seconds,restricted_charged_tokens,actual_wall_seconds,actual_measured_tokens,actual_charged_tokens,missing_usage_requests,measured_token_interval,failure_horizons_are_endpoints_not_consumption,direct_reuse,stop_reason,prefix_Q_half_time,prefix_Q_half_tokens
world-043-0d9934ac2dbc454032b0,screen,M,empty,calibration,K1,screen-calibration,False,semantic_mismatch,0,600,10240,9.26600000000326,411,411,0,"[411, 411]",True,False,draft_budget_or_resource_cap,0,0
world-043-0d9934ac2dbc454032b0,screen,M,empty,composition,F0,screen-composition,False,InvisibleSkillReference,0,600,10240,14.40600000001723,573,573,0,"[573, 573]",True,False,draft_budget_or_resource_cap,0,0
world-043-0d9934ac2dbc454032b0,screen,M,empty,sql,S1,screen-sql,False,program_ValueError,0,600,10240,27.875,484,484,0,"[484, 484]",True,False,draft_budget_or_resource_cap,0,0
world-043-1b3acd510f1d298e9824,screen,M,empty,calibration,K2,screen-calibration,False,semantic_mismatch,0,600,10240,9.077999999979511,428,428,0,"[428, 428]",True,False,draft_budget_or_resource_cap,0,0
world-043-1b3acd510f1d298e9824,screen,M,empty,composition,F1,screen-composition,False,program_ValueError,0,600,10240,14.14100000000326,545,545,0,"[545, 545]",True,False,draft_budget_or_resource_cap,0,0
world-043-1b3acd510f1d298e9824,screen,M,empty,sql,S2,screen-sql,False,program_ValueError,0,600,10240,14.188000000023749,530,530,0,"[530, 530]",True,False,draft_budget_or_resource_cap,0,0
world-043-5fd65b4003246b312526,locked-validation,M,empty,calibration,K1,locked-calibration,False,semantic_mismatch,0,600,10240,9.0,417,417,0,"[417, 417]",True,False,draft_budget_or_resource_cap,0,0
world-043-5fd65b4003246b312526,locked-validation,M,empty,composition,F0,locked-composition,False,InvisibleSkillReference,0,600,10240,18.29699999996228,622,622,0,"[622, 622]",True,False,draft_budget_or_resource_cap,0,0
world-043-5fd65b4003246b312526,locked-validation,M,empty,sql,S1,locked-sql,False,program_ValueError,0,600,10240,11.875,477,477,0,"[477, 477]",True,False,draft_budget_or_resource_cap,0,0
world-043-66929e4fd1bb6f8e687f,screen,M,empty,calibration,K2,screen-calibration,False,semantic_mismatch,0,600,10240,9.23399999999674,430,430,0,"[430, 430]",True,False,draft_budget_or_resource_cap,0,0
world-043-66929e4fd1bb6f8e687f,screen,M,empty,composition,F1,screen-composition,False,InvisibleSkillReference,0,600,10240,19.39100000000326,638,638,0,"[638, 638]",True,False,draft_budget_or_resource_cap,0,0
world-043-66929e4fd1bb6f8e687f,screen,M,empty,sql,S2,screen-sql,False,program_ValueError,0,600,10240,14.5,531,531,0,"[531, 531]",True,False,draft_budget_or_resource_cap,0,0
world-043-70d63447c90f0f53db97,screen,M,empty,calibration,K2,screen-calibration,False,semantic_mismatch,0,600,10240,9.25,430,430,0,"[430, 430]",True,False,draft_budget_or_resource_cap,0,0
world-043-70d63447c90f0f53db97,screen,M,empty,composition,F1,screen-composition,False,InvisibleSkillReference,0,600,10240,14.172000000020489,566,566,0,"[566, 566]",True,False,draft_budget_or_resource_cap,0,0
world-043-70d63447c90f0f53db97,screen,M,empty,sql,S2,screen-sql,False,program_ValueError,0,600,10240,13.670999999972992,525,525,0,"[525, 525]",True,False,draft_budget_or_resource_cap,0,0
world-043-7981c6cad76653bfbe11,screen,M,empty,calibration,K1,screen-calibration,False,semantic_mismatch,0,600,10240,9.35899999999674,414,414,0,"[414, 414]",True,False,draft_budget_or_resource_cap,0,0
world-043-7981c6cad76653bfbe11,screen,M,empty,composition,F0,screen-composition,False,InvisibleSkillReference,0,600,10240,14.03100000001723,562,562,0,"[562, 562]",True,False,draft_budget_or_resource_cap,0,0
world-043-7981c6cad76653bfbe11,screen,M,empty,sql,S1,screen-sql,False,program_ValueError,0,600,10240,12.14100000000326,478,478,0,"[478, 478]",True,False,draft_budget_or_resource_cap,0,0
world-043-820fa29a254b4c204f0c,locked-validation,M,empty,calibration,K1,locked-calibration,False,semantic_mismatch,0,600,10240,9.01600000000326,418,418,0,"[418, 418]",True,False,draft_budget_or_resource_cap,0,0
world-043-820fa29a254b4c204f0c,locked-validation,M,empty,composition,F0,locked-composition,False,InvisibleSkillReference,0,600,10240,19.29699999996228,636,636,0,"[636, 636]",True,False,draft_budget_or_resource_cap,0,0
world-043-820fa29a254b4c204f0c,locked-validation,M,empty,sql,S1,locked-sql,False,InvisibleSkillReference,0,600,10240,10.96799999999348,485,485,0,"[485, 485]",True,False,draft_budget_or_resource_cap,0,0
world-043-9d9e35b646cee1b62908,locked-validation,M,empty,calibration,K1,locked-calibration,False,semantic_mismatch,0,600,10240,9.125,414,414,0,"[414, 414]",True,False,draft_budget_or_resource_cap,0,0
world-043-9d9e35b646cee1b62908,locked-validation,M,empty,composition,F0,locked-composition,False,program_ValueError,0,600,10240,13.76600000000326,552,552,0,"[552, 552]",True,False,draft_budget_or_resource_cap,0,0
world-043-9d9e35b646cee1b62908,locked-validation,M,empty,sql,S1,locked-sql,False,program_ValueError,0,600,10240,12.046999999962281,478,478,0,"[478, 478]",True,False,draft_budget_or_resource_cap,0,0
world-043-b883e868e7ea57ab9c0e,screen,M,empty,calibration,K2,screen-calibration,False,semantic_mismatch,0,600,10240,9.672000000020489,428,428,0,"[428, 428]",True,False,draft_budget_or_resource_cap,0,0
world-043-b883e868e7ea57ab9c0e,screen,M,empty,composition,F1,screen-composition,False,semantic_mismatch,0,600,10240,16.23399999999674,566,566,0,"[566, 566]",True,False,draft_budget_or_resource_cap,0,0
world-043-b883e868e7ea57ab9c0e,screen,M,empty,sql,S2,screen-sql,False,program_ValueError,0,600,10240,13.60999999998603,523,523,0,"[523, 523]",True,False,draft_budget_or_resource_cap,0,0
world-043-d0950c390408bdbe9520,screen,M,empty,calibration,K1,screen-calibration,False,semantic_mismatch,0,600,10240,9.077999999979511,415,415,0,"[415, 415]",True,False,draft_budget_or_resource_cap,0,0
world-043-d0950c390408bdbe9520,screen,M,empty,composition,F0,screen-composition,False,InvisibleSkillReference,0,600,10240,14.23499999998603,568,568,0,"[568, 568]",True,False,draft_budget_or_resource_cap,0,0
world-043-d0950c390408bdbe9520,screen,M,empty,sql,S1,screen-sql,False,program_ValueError,0,600,10240,11.84399999998277,477,477,0,"[477, 477]",True,False,draft_budget_or_resource_cap,0,0
world-043-d4cf57371d2dcec0d4d1,natural-stock,C,full,sql,S1,learn-1,False,program_ValueError,0,600,10240,7.5310000000172295,474,474,0,"[474, 474]",True,False,draft_budget_or_resource_cap,0,0
world-043-d4cf57371d2dcec0d4d1,natural-stock,C,full,calibration,K1,learn-2,False,semantic_mismatch,0,600,10240,5.217999999993481,416,416,0,"[416, 416]",True,False,draft_budget_or_resource_cap,0,0
world-043-d4cf57371d2dcec0d4d1,natural-stock,C,full,sql,S1,learn-3,False,program_ValueError,0,600,10240,6.89100000000326,479,479,0,"[479, 479]",True,False,draft_budget_or_resource_cap,0,0
world-043-d4cf57371d2dcec0d4d1,natural-stock,C,full,calibration,K1,learn-4,False,semantic_mismatch,0,600,10240,4.98499999998603,416,416,0,"[416, 416]",True,False,draft_budget_or_resource_cap,0,0
world-043-d4cf57371d2dcec0d4d1,natural-stock,C,full,calibration,K1,transfer-calibration,False,semantic_mismatch,0,600,10240,5.422000000020489,409,409,0,"[409, 409]",True,False,draft_budget_or_resource_cap,0,0
world-043-d4cf57371d2dcec0d4d1,natural-stock,C,full,sql,S1,transfer-sql,False,program_ValueError,0,600,10240,7.26600000000326,480,480,0,"[480, 480]",True,False,draft_budget_or_resource_cap,0,0
world-043-d4cf57371d2dcec0d4d1,natural-stock,M,full,sql,S1,learn-1,False,program_ValueError,0,600,10240,12.5,485,485,0,"[485, 485]",True,False,draft_budget_or_resource_cap,0,0
world-043-d4cf57371d2dcec0d4d1,natural-stock,M,full,calibration,K1,learn-2,False,semantic_mismatch,0,600,10240,8.921999999962281,416,416,0,"[416, 416]",True,False,draft_budget_or_resource_cap,0,0
world-043-d4cf57371d2dcec0d4d1,natural-stock,M,full,sql,S1,learn-3,False,program_ValueError,0,600,10240,11.5,479,479,0,"[479, 479]",True,False,draft_budget_or_resource_cap,0,0
world-043-d4cf57371d2dcec0d4d1,natural-stock,M,full,calibration,K1,learn-4,False,semantic_mismatch,0,600,10240,9.047000000020489,416,416,0,"[416, 416]",True,False,draft_budget_or_resource_cap,0,0
world-043-d4cf57371d2dcec0d4d1,natural-stock,M,full,calibration,K1,transfer-calibration,False,semantic_mismatch,0,600,10240,9.23399999999674,409,409,0,"[409, 409]",True,False,draft_budget_or_resource_cap,0,0
world-043-d4cf57371d2dcec0d4d1,natural-stock,M,full,sql,S1,transfer-sql,False,program_ValueError,0,600,10240,11.59399999998277,481,481,0,"[481, 481]",True,False,draft_budget_or_resource_cap,0,0
world-043-d9e6629e95fac19ed2d3,locked-validation,M,empty,calibration,K1,locked-calibration,False,semantic_mismatch,0,600,10240,9.202999999979511,418,418,0,"[418, 418]",True,False,draft_budget_or_resource_cap,0,0
world-043-d9e6629e95fac19ed2d3,locked-validation,M,empty,composition,F0,locked-composition,False,InvisibleSkillReference,0,600,10240,14.327999999979511,564,564,0,"[564, 564]",True,False,draft_budget_or_resource_cap,0,0
world-043-d9e6629e95fac19ed2d3,locked-validation,M,empty,sql,S1,locked-sql,False,program_OperationalError,0,600,10240,11.5,476,476,0,"[476, 476]",True,False,draft_budget_or_resource_cap,0,0
world-043-f7d774ef45429e794642,screen,M,empty,calibration,K1,screen-calibration,False,semantic_mismatch,0,600,10240,9.28100000001723,421,421,0,"[421, 421]",True,False,draft_budget_or_resource_cap,0,0
world-043-f7d774ef45429e794642,screen,M,empty,composition,F0,screen-composition,False,InvisibleSkillReference,0,600,10240,13.76600000000326,568,568,0,"[568, 568]",True,False,draft_budget_or_resource_cap,0,0
world-043-f7d774ef45429e794642,screen,M,empty,sql,S1,screen-sql,False,program_OperationalError,0,600,10240,15.719000000040978,535,535,0,"[535, 535]",True,False,draft_budget_or_resource_cap,0,0
world-043-f9d4f5290adcee1638e8,locked-validation,M,empty,calibration,K1,locked-calibration,False,semantic_mismatch,0,600,10240,9.03100000001723,422,422,0,"[422, 422]",True,False,draft_budget_or_resource_cap,0,0
world-043-f9d4f5290adcee1638e8,locked-validation,M,empty,composition,F0,locked-composition,False,InvisibleSkillReference,0,600,10240,12.73499999998603,549,549,0,"[549, 549]",True,False,draft_budget_or_resource_cap,0,0
world-043-f9d4f5290adcee1638e8,locked-validation,M,empty,sql,S1,locked-sql,False,program_ValueError,0,600,10240,11.34399999998277,477,477,0,"[477, 477]",True,False,draft_budget_or_resource_cap,0,0
world-043-fbabee68d28246de64b8,locked-validation,M,empty,calibration,K1,locked-calibration,True,,1,8.73399999999674,408,9.09299999999348,408,408,0,"[408, 408]",True,False,first_pass,1,1
world-043-fbabee68d28246de64b8,locked-validation,M,empty,composition,F0,locked-composition,False,InvisibleSkillReference,0,600,10240,13.061999999976251,555,555,0,"[555, 555]",True,False,draft_budget_or_resource_cap,0,0
world-043-fbabee68d28246de64b8,locked-validation,M,empty,sql,S1,locked-sql,False,program_ValueError,0,600,10240,12.14000000001397,482,482,0,"[482, 482]",True,False,draft_budget_or_resource_cap,0,0
